INSERT INTO web_account (username, name, surname, password) VALUES ('guillaume', 'Guillaume', 'Bourbonnais', 'test');
INSERT INTO web_account (username, name, surname, password) VALUES ('monique', 'Monique', 'Lefebvre', 'test');
INSERT INTO web_account (username, name, surname, password) VALUES ('benjamin', 'Benjamin', 'Cormier', 'test');
INSERT INTO web_account (username, name, surname, password) VALUES ('théodore', 'Théodore', 'Bolduc', 'test');
INSERT INTO web_account (username, name, surname, password) VALUES ('philippe', 'Philippe', 'Martel', 'test');
INSERT INTO web_account (username, name, surname, password) VALUES ('zoé', 'Zoé', 'Lapointe', 'test');
INSERT INTO web_account (username, name, surname, password) VALUES ('pauline', 'Pauline', 'Cormier', 'test');
INSERT INTO web_account (username, name, surname, password) VALUES ('julie', 'Julie', 'Cloutier', 'test');
INSERT INTO web_account (username, name, surname, password) VALUES ('marguerite', 'Marguerite', 'Carrier', 'test');
INSERT INTO web_account (username, name, surname, password) VALUES ('bernard', 'Bernard', 'Lavoie', 'test');
INSERT INTO web_account (username, name, surname, password) VALUES ('gérard', 'Gérard', 'Boudreau', 'test');
INSERT INTO web_account (username, name, surname, password) VALUES ('raphaël', 'Raphaël', 'Nguyen', 'test');
INSERT INTO web_account (username, name, surname, password) VALUES ('marianne', 'Marianne', 'Morin', 'test');
INSERT INTO web_account (username, name, surname, password) VALUES ('laurence', 'Laurence', 'Savard', 'test');
INSERT INTO web_account (username, name, surname, password) VALUES ('thérèse', 'Thérèse', 'Turgeon', 'test');
INSERT INTO web_account (username, name, surname, password) VALUES ('sophie', 'Sophie', 'Gélinas', 'test');
INSERT INTO web_account (username, name, surname, password) VALUES ('claude', 'Claude', 'Lemieux', 'test');
INSERT INTO web_account (username, name, surname, password) VALUES ('dominique', 'Dominique', 'Lavallée', 'test');
INSERT INTO web_account (username, name, surname, password) VALUES ('thomas', 'Thomas', 'Marcotte', 'test');
INSERT INTO web_account (username, name, surname, password) VALUES ('alexandre', 'Alexandre', 'Plourde', 'test');

INSERT INTO web_cashaccount (id, number, username, availableBalance, description) VALUES (1, '04332181960013389083', 'guillaume', 71604.8, 'Individual Retirement Accounts (IRAs)');
INSERT INTO web_cashaccount (id, number, username, availableBalance, description) VALUES (2, '37940265423511615594', 'monique', 80714.76, 'Individual Retirement Accounts (IRAs)');
INSERT INTO web_cashaccount (id, number, username, availableBalance, description) VALUES (3, '78161849593103413164', 'monique', 45346.5, 'Savings account');
INSERT INTO web_cashaccount (id, number, username, availableBalance, description) VALUES (4, '25534192832764835030', 'monique', 80506.53, 'Savings account');
INSERT INTO web_cashaccount (id, number, username, availableBalance, description) VALUES (5, '41395376724238849696', 'monique', 36206.02, 'Checking Account');
INSERT INTO web_cashaccount (id, number, username, availableBalance, description) VALUES (6, '10122691669784801845', 'benjamin', 11164.1, 'Savings account');
INSERT INTO web_cashaccount (id, number, username, availableBalance, description) VALUES (7, '27048281489325288095', 'benjamin', 48865.68, 'Checking Account');
INSERT INTO web_cashaccount (id, number, username, availableBalance, description) VALUES (8, '54303911718227824896', 'benjamin', 96436.65, 'Individual Retirement Accounts (IRAs)');
INSERT INTO web_cashaccount (id, number, username, availableBalance, description) VALUES (9, '34657871331509839301', 'benjamin', 70787.02, 'Checking Account');
INSERT INTO web_cashaccount (id, number, username, availableBalance, description) VALUES (10, '10518347382997376311', 'théodore', 65901.69, 'Savings account');
INSERT INTO web_cashaccount (id, number, username, availableBalance, description) VALUES (11, '66701065133387262473', 'théodore', 87449.85, 'Checking Account');
INSERT INTO web_cashaccount (id, number, username, availableBalance, description) VALUES (12, '81080132677360260647', 'philippe', 28532.07, 'Individual Retirement Accounts (IRAs)');
INSERT INTO web_cashaccount (id, number, username, availableBalance, description) VALUES (13, '87234309805009788208', 'philippe', 8020.35, 'Checking Account');
INSERT INTO web_cashaccount (id, number, username, availableBalance, description) VALUES (14, '19136193990916998543', 'philippe', 66975.9, 'Savings account');
INSERT INTO web_cashaccount (id, number, username, availableBalance, description) VALUES (15, '34624751079911838425', 'philippe', 88087.61, 'Checking Account');
INSERT INTO web_cashaccount (id, number, username, availableBalance, description) VALUES (16, '42784980841241182449', 'zoé', 21070.86, 'Savings account');
INSERT INTO web_cashaccount (id, number, username, availableBalance, description) VALUES (17, '34874016400524278680', 'zoé', 11196.27, 'Individual Retirement Accounts (IRAs)');
INSERT INTO web_cashaccount (id, number, username, availableBalance, description) VALUES (18, '28059826204505331586', 'zoé', 97383.96, 'Individual Retirement Accounts (IRAs)');
INSERT INTO web_cashaccount (id, number, username, availableBalance, description) VALUES (19, '32260256342160733754', 'pauline', 82055.43, 'Checking Account');
INSERT INTO web_cashaccount (id, number, username, availableBalance, description) VALUES (20, '30365414586850142940', 'pauline', 10849.17, 'Savings account');
INSERT INTO web_cashaccount (id, number, username, availableBalance, description) VALUES (21, '56981693406088356159', 'julie', 31398.43, 'Checking Account');
INSERT INTO web_cashaccount (id, number, username, availableBalance, description) VALUES (22, '48465648236629946804', 'julie', 28698.5, 'Savings account');
INSERT INTO web_cashaccount (id, number, username, availableBalance, description) VALUES (23, '99577738721489513433', 'julie', 14743.92, 'Checking Account');
INSERT INTO web_cashaccount (id, number, username, availableBalance, description) VALUES (24, '79176936763201632870', 'marguerite', 55745.01, 'Checking Account');
INSERT INTO web_cashaccount (id, number, username, availableBalance, description) VALUES (25, '72788957986872774348', 'marguerite', 48464.86, 'Checking Account');
INSERT INTO web_cashaccount (id, number, username, availableBalance, description) VALUES (26, '71434558122362316658', 'bernard', 46597.77, 'Checking Account');
INSERT INTO web_cashaccount (id, number, username, availableBalance, description) VALUES (27, '36690967054668893734', 'bernard', 43589.24, 'Checking Account');
INSERT INTO web_cashaccount (id, number, username, availableBalance, description) VALUES (28, '65627298069901627204', 'bernard', 37916.6, 'Checking Account');
INSERT INTO web_cashaccount (id, number, username, availableBalance, description) VALUES (29, '55646417080531003309', 'gérard', 15246.71, 'Checking Account');
INSERT INTO web_cashaccount (id, number, username, availableBalance, description) VALUES (30, '71937452991241904966', 'gérard', 94147.65, 'Checking Account');
INSERT INTO web_cashaccount (id, number, username, availableBalance, description) VALUES (31, '19314919058651850671', 'gérard', 43358.0, 'Savings account');
INSERT INTO web_cashaccount (id, number, username, availableBalance, description) VALUES (32, '72628498776945314737', 'gérard', 56989.27, 'Individual Retirement Accounts (IRAs)');
INSERT INTO web_cashaccount (id, number, username, availableBalance, description) VALUES (33, '50752735454948083136', 'raphaël', 48862.9, 'Checking Account');
INSERT INTO web_cashaccount (id, number, username, availableBalance, description) VALUES (34, '77701436349578856855', 'raphaël', 70288.47, 'Savings account');
INSERT INTO web_cashaccount (id, number, username, availableBalance, description) VALUES (35, '44313518233749894134', 'raphaël', 22756.04, 'Checking Account');
INSERT INTO web_cashaccount (id, number, username, availableBalance, description) VALUES (36, '40824008427109477752', 'raphaël', 96550.11, 'Savings account');
INSERT INTO web_cashaccount (id, number, username, availableBalance, description) VALUES (37, '11671902294131869993', 'marianne', 77571.6, 'Savings account');
INSERT INTO web_cashaccount (id, number, username, availableBalance, description) VALUES (38, '77496499091334123281', 'marianne', 15661.7, 'Savings account');
INSERT INTO web_cashaccount (id, number, username, availableBalance, description) VALUES (39, '79740344713493618324', 'marianne', 82664.85, 'Checking Account');
INSERT INTO web_cashaccount (id, number, username, availableBalance, description) VALUES (40, '02499471746488771906', 'marianne', 73456.05, 'Individual Retirement Accounts (IRAs)');
INSERT INTO web_cashaccount (id, number, username, availableBalance, description) VALUES (41, '01399049027874296717', 'laurence', 34802.63, 'Savings account');
INSERT INTO web_cashaccount (id, number, username, availableBalance, description) VALUES (42, '51256746807154516808', 'laurence', 46203.01, 'Checking Account');
INSERT INTO web_cashaccount (id, number, username, availableBalance, description) VALUES (43, '38597703482477109324', 'laurence', 55088.39, 'Individual Retirement Accounts (IRAs)');
INSERT INTO web_cashaccount (id, number, username, availableBalance, description) VALUES (44, '13171274846773782639', 'thérèse', 50829.01, 'Checking Account');
INSERT INTO web_cashaccount (id, number, username, availableBalance, description) VALUES (45, '14658404499727875588', 'thérèse', 37727.23, 'Savings account');
INSERT INTO web_cashaccount (id, number, username, availableBalance, description) VALUES (46, '33963605766270289517', 'thérèse', 9980.17, 'Savings account');
INSERT INTO web_cashaccount (id, number, username, availableBalance, description) VALUES (47, '02621745961586578091', 'thérèse', 23484.68, 'Individual Retirement Accounts (IRAs)');
INSERT INTO web_cashaccount (id, number, username, availableBalance, description) VALUES (48, '31611724005045562386', 'sophie', 56597.15, 'Checking Account');
INSERT INTO web_cashaccount (id, number, username, availableBalance, description) VALUES (49, '22196937923747407482', 'sophie', 7395.45, 'Savings account');
INSERT INTO web_cashaccount (id, number, username, availableBalance, description) VALUES (50, '94647436713695944064', 'sophie', 819.72, 'Individual Retirement Accounts (IRAs)');
INSERT INTO web_cashaccount (id, number, username, availableBalance, description) VALUES (51, '97439533942104709521', 'claude', 90963.68, 'Savings account');
INSERT INTO web_cashaccount (id, number, username, availableBalance, description) VALUES (52, '23285884247451712368', 'dominique', 36583.85, 'Savings account');
INSERT INTO web_cashaccount (id, number, username, availableBalance, description) VALUES (53, '04817549651370985931', 'dominique', 63544.04, 'Savings account');
INSERT INTO web_cashaccount (id, number, username, availableBalance, description) VALUES (54, '46120047113826758692', 'dominique', 88542.52, 'Individual Retirement Accounts (IRAs)');
INSERT INTO web_cashaccount (id, number, username, availableBalance, description) VALUES (55, '17964053773515850643', 'dominique', 96821.01, 'Savings account');
INSERT INTO web_cashaccount (id, number, username, availableBalance, description) VALUES (56, '39005329318393352904', 'thomas', 85842.03, 'Checking Account');
INSERT INTO web_cashaccount (id, number, username, availableBalance, description) VALUES (57, '84210205395024026811', 'alexandre', 47629.83, 'Savings account');
INSERT INTO web_cashaccount (id, number, username, availableBalance, description) VALUES (58, '89178390847007661771', 'alexandre', 89927.68, 'Savings account');

INSERT INTO web_creditaccount (id, number, username, description, availableBalance, cashAccountId) VALUES (1, '4929 9282 8048 2624', 'laurence', 'Visa Gold', 46203.01, 42);
INSERT INTO web_creditaccount (id, number, username, description, availableBalance, cashAccountId) VALUES (2, '5746 4522 8046 8398', 'philippe', 'Visa Electron', 8020.35, 13);
INSERT INTO web_creditaccount (id, number, username, description, availableBalance, cashAccountId) VALUES (3, '4847 6553 8430 7532', 'benjamin', 'AmEx Gold', 70787.02, 9);
INSERT INTO web_creditaccount (id, number, username, description, availableBalance, cashAccountId) VALUES (4, '5494 2557 6120 7992', 'sophie', 'MasterCard', 56597.15, 48);
INSERT INTO web_creditaccount (id, number, username, description, availableBalance, cashAccountId) VALUES (5, '5362 5176 7132 3500', 'julie', 'AmEx Gold', 14743.92, 23);
INSERT INTO web_creditaccount (id, number, username, description, availableBalance, cashAccountId) VALUES (6, '4137 2494 2398 2527', 'raphaël', 'AmEx Gold', 22756.04, 35);
INSERT INTO web_creditaccount (id, number, username, description, availableBalance, cashAccountId) VALUES (7, '4197 7105 3131 1982', 'marguerite', 'MasterCard', 48464.86, 25);
INSERT INTO web_creditaccount (id, number, username, description, availableBalance, cashAccountId) VALUES (8, '5372 3002 7730 6793', 'bernard', 'AmEx Gold', 43589.24, 27);
INSERT INTO web_creditaccount (id, number, username, description, availableBalance, cashAccountId) VALUES (9, '5777 1842 5712 6119', 'marguerite', 'MasterCard', 55745.01, 24);
INSERT INTO web_creditaccount (id, number, username, description, availableBalance, cashAccountId) VALUES (10, '4212 9313 4485 3535', 'marianne', 'AmEx Gold', 82664.85, 39);
INSERT INTO web_creditaccount (id, number, username, description, availableBalance, cashAccountId) VALUES (11, '4459 2773 6736 7022', 'thomas', 'Visa Gold', 85842.03, 56);

INSERT INTO web_transaction ("date", description, number, amount, availableBalance) VALUES ('2022-03-09 21:56:26.107759', 'WebHosting', '04332181960013389083', -22.15, +68664.5);
INSERT INTO web_transaction ("date", description, number, amount, availableBalance) VALUES ('2022-04-07 21:56:26.107759', 'Computer Store', '04332181960013389083', -912.76, +67751.74);
INSERT INTO web_transaction ("date", description, number, amount, availableBalance) VALUES ('2022-11-18 21:56:26.107759', 'Freelance Income', '04332181960013389083', +4232.57, +71984.31);
INSERT INTO web_transaction ("date", description, number, amount, availableBalance) VALUES ('2023-02-11 21:56:26.107759', 'Refund', '04332181960013389083', +3662.14, +75646.45);
INSERT INTO web_transaction ("date", description, number, amount, availableBalance) VALUES ('2024-05-10 21:56:26.107759', 'Pet Store', '04332181960013389083', -192.6, +75453.85);
INSERT INTO web_transaction ("date", description, number, amount, availableBalance) VALUES ('2024-07-03 21:56:26.107759', 'Restaurant Madrid', '04332181960013389083', -1353.2, +74100.65);
INSERT INTO web_transaction ("date", description, number, amount, availableBalance) VALUES ('2024-07-25 21:56:26.107759', 'Coffee Shop', '04332181960013389083', -655.52, +73445.13);
INSERT INTO web_transaction ("date", description, number, amount, availableBalance) VALUES ('2025-07-15 21:56:26.107759', 'Computer Store', '04332181960013389083', -148.47, +73296.66);
INSERT INTO web_transaction ("date", description, number, amount, availableBalance) VALUES ('2025-09-07 21:56:26.107759', 'Computer Store', '04332181960013389083', -1691.86, +71604.8);
INSERT INTO web_transaction ("date", description, number, amount, availableBalance) VALUES ('2022-10-18 21:56:26.107919', 'Pizza Delivery', '37940265423511615594', -662.96, +84219.92);
INSERT INTO web_transaction ("date", description, number, amount, availableBalance) VALUES ('2022-11-10 21:56:26.107919', 'Freelance Income', '37940265423511615594', +690.36, +84910.28);
INSERT INTO web_transaction ("date", description, number, amount, availableBalance) VALUES ('2023-01-12 21:56:26.107919', 'Sports Store', '37940265423511615594', -323.25, +84587.03);
INSERT INTO web_transaction ("date", description, number, amount, availableBalance) VALUES ('2023-01-23 21:56:26.107919', 'Pet Store', '37940265423511615594', -448.83, +84138.2);
INSERT INTO web_transaction ("date", description, number, amount, availableBalance) VALUES ('2023-05-18 21:56:26.107919', 'Grocery Store', '37940265423511615594', -696.89, +83441.31);
INSERT INTO web_transaction ("date", description, number, amount, availableBalance) VALUES ('2023-07-11 21:56:26.107919', 'Refund', '37940265423511615594', +4753.96, +88195.27);
INSERT INTO web_transaction ("date", description, number, amount, availableBalance) VALUES ('2023-12-18 21:56:26.107919', 'Mobile Phone Store', '37940265423511615594', -834.23, +87361.04);
INSERT INTO web_transaction ("date", description, number, amount, availableBalance) VALUES ('2024-07-29 21:56:26.107919', 'Computer Store', '37940265423511615594', -51.5, +87309.54);
INSERT INTO web_transaction ("date", description, number, amount, availableBalance) VALUES ('2024-09-27 21:56:26.107919', 'Wood Supply', '37940265423511615594', -1005.52, +86304.02);
INSERT INTO web_transaction ("date", description, number, amount, availableBalance) VALUES ('2024-11-19 21:56:26.107919', 'Computer Store', '37940265423511615594', -359.63, +85944.39);
INSERT INTO web_transaction ("date", description, number, amount, availableBalance) VALUES ('2025-02-04 21:56:26.107919', 'Computer Store', '37940265423511615594', -1421.9, +84522.49);
INSERT INTO web_transaction ("date", description, number, amount, availableBalance) VALUES ('2025-02-17 21:56:26.107919', 'Pizza Delivery', '37940265423511615594', -891.79, +83630.7);
INSERT INTO web_transaction ("date", description, number, amount, availableBalance) VALUES ('2025-09-16 21:56:26.107919', 'Gas Station', '37940265423511615594', -1190.34, +82440.36);
INSERT INTO web_transaction ("date", description, number, amount, availableBalance) VALUES ('2025-12-25 21:56:26.107919', 'Grocery Store', '37940265423511615594', -1725.6, +80714.76);
INSERT INTO web_transaction ("date", description, number, amount, availableBalance) VALUES ('2024-08-14 21:56:26.107984', 'Pharmacy', '78161849593103413164', -1294.43, +50584.69);
INSERT INTO web_transaction ("date", description, number, amount, availableBalance) VALUES ('2024-09-09 21:56:26.107984', 'Sports Store', '78161849593103413164', -519.38, +50065.31);
INSERT INTO web_transaction ("date", description, number, amount, availableBalance) VALUES ('2025-02-26 21:56:26.107984', 'Computer Store', '78161849593103413164', -1742.34, +48322.97);
INSERT INTO web_transaction ("date", description, number, amount, availableBalance) VALUES ('2025-03-08 21:56:26.107984', 'Restaurant New York', '78161849593103413164', -1024.8, +47298.17);
INSERT INTO web_transaction ("date", description, number, amount, availableBalance) VALUES ('2025-04-30 21:56:26.107984', 'Wood Supply', '78161849593103413164', -877.0, +46421.17);
INSERT INTO web_transaction ("date", description, number, amount, availableBalance) VALUES ('2025-06-06 21:56:26.107984', 'Movie Theater', '78161849593103413164', -730.09, +45691.08);
INSERT INTO web_transaction ("date", description, number, amount, availableBalance) VALUES ('2025-08-20 21:56:26.107984', 'Online Shopping', '78161849593103413164', -344.58, +45346.5);
INSERT INTO web_transaction ("date", description, number, amount, availableBalance) VALUES ('2025-02-15 21:56:26.108019', 'Mobile Phone Store', '25534192832764835030', -1164.86, +86462.66);
INSERT INTO web_transaction ("date", description, number, amount, availableBalance) VALUES ('2025-02-22 21:56:26.108019', 'Online Shopping', '25534192832764835030', -556.6, +85906.06);
INSERT INTO web_transaction ("date", description, number, amount, availableBalance) VALUES ('2025-02-25 21:56:26.108019', 'Mobile Phone Store', '25534192832764835030', -1007.72, +84898.34);
INSERT INTO web_transaction ("date", description, number, amount, availableBalance) VALUES ('2025-03-05 21:56:26.108019', 'Refund', '25534192832764835030', +4242.63, +89140.97);
INSERT INTO web_transaction ("date", description, number, amount, availableBalance) VALUES ('2025-04-23 21:56:26.108019', 'Grocery Store', '25534192832764835030', -1014.05, +88126.92);
INSERT INTO web_transaction ("date", description, number, amount, availableBalance) VALUES ('2025-05-01 21:56:26.108019', 'Online Shopping', '25534192832764835030', -1147.6, +86979.32);
INSERT INTO web_transaction ("date", description, number, amount, availableBalance) VALUES ('2025-07-19 21:56:26.108019', 'Online Shopping', '25534192832764835030', -1799.26, +85180.06);
INSERT INTO web_transaction ("date", description, number, amount, availableBalance) VALUES ('2025-09-08 21:56:26.108019', 'Mobile Phone Store', '25534192832764835030', -145.89, +85034.17);
INSERT INTO web_transaction ("date", description, number, amount, availableBalance) VALUES ('2025-09-13 21:56:26.108019', 'Grocery Store', '25534192832764835030', -627.71, +84406.46);
INSERT INTO web_transaction ("date", description, number, amount, availableBalance) VALUES ('2025-11-17 21:56:26.108019', 'Online Shopping', '25534192832764835030', -1131.83, +83274.63);
INSERT INTO web_transaction ("date", description, number, amount, availableBalance) VALUES ('2025-11-25 21:56:26.108019', 'Pharmacy', '25534192832764835030', -189.69, +83084.94);
INSERT INTO web_transaction ("date", description, number, amount, availableBalance) VALUES ('2025-12-12 21:56:26.108019', 'Gas Station', '25534192832764835030', -159.95, +82924.99);
INSERT INTO web_transaction ("date", description, number, amount, availableBalance) VALUES ('2025-12-12 21:56:26.108019', 'Restaurant Madrid', '25534192832764835030', -653.18, +82271.81);
INSERT INTO web_transaction ("date", description, number, amount, availableBalance) VALUES ('2025-12-20 21:56:26.108019', 'Movie Theater', '25534192832764835030', -1765.28, +80506.53);
INSERT INTO web_transaction ("date", description, number, amount, availableBalance) VALUES ('2024-11-15 21:56:26.108068', 'WebHosting', '41395376724238849696', -1361.01, +31064.61);
INSERT INTO web_transaction ("date", description, number, amount, availableBalance) VALUES ('2025-02-26 21:56:26.108068', 'Freelance Income', '41395376724238849696', +2239.54, +33304.15);
INSERT INTO web_transaction ("date", description, number, amount, availableBalance) VALUES ('2025-04-06 21:56:26.108068', 'Gas Station', '41395376724238849696', -675.95, +32628.2);
INSERT INTO web_transaction ("date", description, number, amount, availableBalance) VALUES ('2025-05-06 21:56:26.108068', 'Refund', '41395376724238849696', +4630.72, +37258.92);
INSERT INTO web_transaction ("date", description, number, amount, availableBalance) VALUES ('2025-08-28 21:56:26.108068', 'Mobile Phone Store', '41395376724238849696', -1052.9, +36206.02);
INSERT INTO web_transaction ("date", description, number, amount, availableBalance) VALUES ('2025-03-20 21:56:26.108086', 'Sports Store', '10122691669784801845', -163.56, +8606.82);
INSERT INTO web_transaction ("date", description, number, amount, availableBalance) VALUES ('2025-04-03 21:56:26.108086', 'Gas Station', '10122691669784801845', -1585.41, +7021.41);
INSERT INTO web_transaction ("date", description, number, amount, availableBalance) VALUES ('2025-04-22 21:56:26.108086', 'Online Shopping', '10122691669784801845', -1253.23, +5768.18);
INSERT INTO web_transaction ("date", description, number, amount, availableBalance) VALUES ('2025-04-30 21:56:26.108086', 'Interest Payment', '10122691669784801845', +1194.14, +6962.32);
INSERT INTO web_transaction ("date", description, number, amount, availableBalance) VALUES ('2025-05-17 21:56:26.108086', 'Refund', '10122691669784801845', +1311.18, +8273.5);
INSERT INTO web_transaction ("date", description, number, amount, availableBalance) VALUES ('2025-05-23 21:56:26.108086', 'Online Shopping', '10122691669784801845', -977.68, +7295.82);
INSERT INTO web_transaction ("date", description, number, amount, availableBalance) VALUES ('2025-05-29 21:56:26.108086', 'Pet Store', '10122691669784801845', -827.61, +6468.21);
INSERT INTO web_transaction ("date", description, number, amount, availableBalance) VALUES ('2025-07-05 21:56:26.108086', 'Freelance Income', '10122691669784801845', +4721.01, +11189.22);
INSERT INTO web_transaction ("date", description, number, amount, availableBalance) VALUES ('2025-07-26 21:56:26.108086', 'Restaurant Madrid', '10122691669784801845', -1330.59, +9858.63);
INSERT INTO web_transaction ("date", description, number, amount, availableBalance) VALUES ('2025-08-01 21:56:26.108086', 'Freelance Income', '10122691669784801845', +2405.33, +12263.96);
INSERT INTO web_transaction ("date", description, number, amount, availableBalance) VALUES ('2025-08-16 21:56:26.108086', 'Gas Station', '10122691669784801845', -1399.98, +10863.98);
INSERT INTO web_transaction ("date", description, number, amount, availableBalance) VALUES ('2025-09-14 21:56:26.108086', 'Restaurant Madrid', '10122691669784801845', -577.01, +10286.97);
INSERT INTO web_transaction ("date", description, number, amount, availableBalance) VALUES ('2025-10-24 21:56:26.108086', 'Pharmacy', '10122691669784801845', -1894.75, +8392.22);
INSERT INTO web_transaction ("date", description, number, amount, availableBalance) VALUES ('2025-10-24 21:56:26.108086', 'Restaurant New York', '10122691669784801845', -1671.89, +6720.33);
INSERT INTO web_transaction ("date", description, number, amount, availableBalance) VALUES ('2025-12-10 21:56:26.108086', 'Refund', '10122691669784801845', +4443.77, +11164.1);
INSERT INTO web_transaction ("date", description, number, amount, availableBalance) VALUES ('2024-06-13 21:56:26.108138', 'Pizza Delivery', '27048281489325288095', -176.91, +56977.16);
INSERT INTO web_transaction ("date", description, number, amount, availableBalance) VALUES ('2024-07-17 21:56:26.108138', 'Online Shopping', '27048281489325288095', -1570.9, +55406.26);
INSERT INTO web_transaction ("date", description, number, amount, availableBalance) VALUES ('2025-03-23 21:56:26.108138', 'Movie Theater', '27048281489325288095', -1031.57, +54374.69);
INSERT INTO web_transaction ("date", description, number, amount, availableBalance) VALUES ('2025-04-17 21:56:26.108138', 'Restaurant Madrid', '27048281489325288095', -1969.04, +52405.65);
INSERT INTO web_transaction ("date", description, number, amount, availableBalance) VALUES ('2025-05-07 21:56:26.108138', 'Refund', '27048281489325288095', +734.81, +53140.46);
INSERT INTO web_transaction ("date", description, number, amount, availableBalance) VALUES ('2025-06-12 21:56:26.108138', 'Restaurant New York', '27048281489325288095', -1869.24, +51271.22);
INSERT INTO web_transaction ("date", description, number, amount, availableBalance) VALUES ('2025-06-24 21:56:26.108138', 'Online Shopping', '27048281489325288095', -769.93, +50501.29);
INSERT INTO web_transaction ("date", description, number, amount, availableBalance) VALUES ('2025-09-11 21:56:26.108138', 'Sports Store', '27048281489325288095', -1635.61, +48865.68);
INSERT INTO web_transaction ("date", description, number, amount, availableBalance) VALUES ('2022-07-08 21:56:26.108165', 'Movie Theater', '54303911718227824896', -705.67, +101487.99);
INSERT INTO web_transaction ("date", description, number, amount, availableBalance) VALUES ('2022-07-11 21:56:26.108165', 'Grocery Store', '54303911718227824896', -756.08, +100731.91);
INSERT INTO web_transaction ("date", description, number, amount, availableBalance) VALUES ('2023-09-09 21:56:26.108165', 'Computer Store', '54303911718227824896', -1008.99, +99722.92);
INSERT INTO web_transaction ("date", description, number, amount, availableBalance) VALUES ('2024-03-31 21:56:26.108165', 'Grocery Store', '54303911718227824896', -1679.96, +98042.96);
INSERT INTO web_transaction ("date", description, number, amount, availableBalance) VALUES ('2024-12-30 21:56:26.108165', 'Sports Store', '54303911718227824896', -1520.09, +96522.87);
INSERT INTO web_transaction ("date", description, number, amount, availableBalance) VALUES ('2025-01-06 21:56:26.108165', 'Sports Store', '54303911718227824896', -86.22, +96436.65);
INSERT INTO web_transaction ("date", description, number, amount, availableBalance) VALUES ('2025-06-25 21:56:26.108208', 'Sports Store', '34657871331509839301', -589.63, +72037.59);
INSERT INTO web_transaction ("date", description, number, amount, availableBalance) VALUES ('2025-06-29 21:56:26.108208', 'WebHosting', '34657871331509839301', -514.76, +71522.83);
INSERT INTO web_transaction ("date", description, number, amount, availableBalance) VALUES ('2025-07-06 21:56:26.108208', 'Computer Store', '34657871331509839301', -1747.93, +69774.9);
INSERT INTO web_transaction ("date", description, number, amount, availableBalance) VALUES ('2025-07-26 21:56:26.108208', 'Refund', '34657871331509839301', +1569.38, +71344.28);
INSERT INTO web_transaction ("date", description, number, amount, availableBalance) VALUES ('2025-08-02 21:56:26.108208', 'Pet Store', '34657871331509839301', -519.29, +70824.99);
INSERT INTO web_transaction ("date", description, number, amount, availableBalance) VALUES ('2025-08-11 21:56:26.108208', 'Wood Supply', '34657871331509839301', -1145.62, +69679.37);
INSERT INTO web_transaction ("date", description, number, amount, availableBalance) VALUES ('2025-09-25 21:56:26.108208', 'Grocery Store', '34657871331509839301', -1051.73, +68627.64);
INSERT INTO web_transaction ("date", description, number, amount, availableBalance) VALUES ('2025-10-11 21:56:26.108208', 'Coffee Shop', '34657871331509839301', -1221.67, +67405.97);
INSERT INTO web_transaction ("date", description, number, amount, availableBalance) VALUES ('2025-10-30 21:56:26.108208', 'Grocery Store', '34657871331509839301', -1675.01, +65730.96);
INSERT INTO web_transaction ("date", description, number, amount, availableBalance) VALUES ('2025-11-01 21:56:26.108208', 'Bonus', '34657871331509839301', +2948.37, +68679.33);
INSERT INTO web_transaction ("date", description, number, amount, availableBalance) VALUES ('2025-11-19 21:56:26.108208', 'Pet Store', '34657871331509839301', -1267.59, +67411.74);
INSERT INTO web_transaction ("date", description, number, amount, availableBalance) VALUES ('2025-12-01 21:56:26.108208', 'Interest Payment', '34657871331509839301', +3375.28, +70787.02);
INSERT INTO web_transaction ("date", description, number, amount, availableBalance) VALUES ('2025-05-04 21:56:26.108251', 'Refund', '10518347382997376311', +4379.62, +53313.62);
INSERT INTO web_transaction ("date", description, number, amount, availableBalance) VALUES ('2025-05-08 21:56:26.108251', 'Sports Store', '10518347382997376311', -1624.88, +51688.74);
INSERT INTO web_transaction ("date", description, number, amount, availableBalance) VALUES ('2025-05-18 21:56:26.108251', 'Coffee Shop', '10518347382997376311', -1317.64, +50371.1);
INSERT INTO web_transaction ("date", description, number, amount, availableBalance) VALUES ('2025-05-26 21:56:26.108251', 'Coffee Shop', '10518347382997376311', -1515.79, +48855.31);
INSERT INTO web_transaction ("date", description, number, amount, availableBalance) VALUES ('2025-06-12 21:56:26.108251', 'Mobile Phone Store', '10518347382997376311', -83.6, +48771.71);
INSERT INTO web_transaction ("date", description, number, amount, availableBalance) VALUES ('2025-07-11 21:56:26.108251', 'Retirement', '10518347382997376311', +13401.07, +62172.78);
INSERT INTO web_transaction ("date", description, number, amount, availableBalance) VALUES ('2025-10-03 21:56:26.108251', 'Bonus', '10518347382997376311', +2023.46, +64196.24);
INSERT INTO web_transaction ("date", description, number, amount, availableBalance) VALUES ('2025-10-04 21:56:26.108251', 'Pizza Delivery', '10518347382997376311', -82.88, +64113.36);
INSERT INTO web_transaction ("date", description, number, amount, availableBalance) VALUES ('2025-10-17 21:56:26.108251', 'Freelance Income', '10518347382997376311', +2590.8, +66704.16);
INSERT INTO web_transaction ("date", description, number, amount, availableBalance) VALUES ('2025-11-16 21:56:26.108251', 'Restaurant New York', '10518347382997376311', -802.47, +65901.69);
INSERT INTO web_transaction ("date", description, number, amount, availableBalance) VALUES ('2024-09-07 21:56:26.108289', 'Interest Payment', '66701065133387262473', +2081.96, +98314.58);
INSERT INTO web_transaction ("date", description, number, amount, availableBalance) VALUES ('2024-10-10 21:56:26.108289', 'Online Shopping', '66701065133387262473', -1896.33, +96418.25);
INSERT INTO web_transaction ("date", description, number, amount, availableBalance) VALUES ('2024-10-12 21:56:26.108289', 'WebHosting', '66701065133387262473', -750.31, +95667.94);
INSERT INTO web_transaction ("date", description, number, amount, availableBalance) VALUES ('2024-10-18 21:56:26.108289', 'Restaurant New York', '66701065133387262473', -540.77, +95127.17);
INSERT INTO web_transaction ("date", description, number, amount, availableBalance) VALUES ('2024-12-30 21:56:26.108289', 'Restaurant Madrid', '66701065133387262473', -74.45, +95052.72);
INSERT INTO web_transaction ("date", description, number, amount, availableBalance) VALUES ('2025-01-05 21:56:26.108289', 'Computer Store', '66701065133387262473', -732.99, +94319.73);
INSERT INTO web_transaction ("date", description, number, amount, availableBalance) VALUES ('2025-01-26 21:56:26.108289', 'Grocery Store', '66701065133387262473', -866.91, +93452.82);
INSERT INTO web_transaction ("date", description, number, amount, availableBalance) VALUES ('2025-06-26 21:56:26.108289', 'WebHosting', '66701065133387262473', -214.17, +93238.65);
INSERT INTO web_transaction ("date", description, number, amount, availableBalance) VALUES ('2025-07-08 21:56:26.108289', 'Movie Theater', '66701065133387262473', -1913.39, +91325.26);
INSERT INTO web_transaction ("date", description, number, amount, availableBalance) VALUES ('2025-08-05 21:56:26.108289', 'Salary', '66701065133387262473', +1561.98, +92887.24);
INSERT INTO web_transaction ("date", description, number, amount, availableBalance) VALUES ('2025-08-06 21:56:26.108289', 'Mobile Phone Store', '66701065133387262473', -1387.22, +91500.02);
INSERT INTO web_transaction ("date", description, number, amount, availableBalance) VALUES ('2025-09-08 21:56:26.108289', 'Online Shopping', '66701065133387262473', -742.36, +90757.66);
INSERT INTO web_transaction ("date", description, number, amount, availableBalance) VALUES ('2025-10-05 21:56:26.108289', 'Pizza Delivery', '66701065133387262473', -897.37, +89860.29);
INSERT INTO web_transaction ("date", description, number, amount, availableBalance) VALUES ('2025-10-14 21:56:26.108289', 'Movie Theater', '66701065133387262473', -711.59, +89148.7);
INSERT INTO web_transaction ("date", description, number, amount, availableBalance) VALUES ('2025-10-17 21:56:26.108289', 'Sports Store', '66701065133387262473', -1698.85, +87449.85);
INSERT INTO web_transaction ("date", description, number, amount, availableBalance) VALUES ('2022-10-02 21:56:26.108348', 'Wood Supply', '81080132677360260647', -1582.84, +37952.13);
INSERT INTO web_transaction ("date", description, number, amount, availableBalance) VALUES ('2023-02-05 21:56:26.108348', 'Freelance Income', '81080132677360260647', +2503.0, +40455.13);
INSERT INTO web_transaction ("date", description, number, amount, availableBalance) VALUES ('2023-04-08 21:56:26.108348', 'Computer Store', '81080132677360260647', -1827.95, +38627.18);
INSERT INTO web_transaction ("date", description, number, amount, availableBalance) VALUES ('2023-08-01 21:56:26.108348', 'Coffee Shop', '81080132677360260647', -1422.03, +37205.15);
INSERT INTO web_transaction ("date", description, number, amount, availableBalance) VALUES ('2023-08-26 21:56:26.108348', 'Grocery Store', '81080132677360260647', -61.57, +37143.58);
INSERT INTO web_transaction ("date", description, number, amount, availableBalance) VALUES ('2023-09-25 21:56:26.108348', 'Restaurant New York', '81080132677360260647', -456.24, +36687.34);
INSERT INTO web_transaction ("date", description, number, amount, availableBalance) VALUES ('2023-10-23 21:56:26.108348', 'Pizza Delivery', '81080132677360260647', -1411.04, +35276.3);
INSERT INTO web_transaction ("date", description, number, amount, availableBalance) VALUES ('2024-03-02 21:56:26.108348', 'Computer Store', '81080132677360260647', -635.63, +34640.67);
INSERT INTO web_transaction ("date", description, number, amount, availableBalance) VALUES ('2024-04-15 21:56:26.108348', 'Restaurant New York', '81080132677360260647', -1088.92, +33551.75);
INSERT INTO web_transaction ("date", description, number, amount, availableBalance) VALUES ('2024-07-21 21:56:26.108348', 'Pharmacy', '81080132677360260647', -1973.28, +31578.47);
INSERT INTO web_transaction ("date", description, number, amount, availableBalance) VALUES ('2024-11-02 21:56:26.108348', 'Salary', '81080132677360260647', +795.87, +32374.34);
INSERT INTO web_transaction ("date", description, number, amount, availableBalance) VALUES ('2025-02-20 21:56:26.108348', 'Sports Store', '81080132677360260647', -1707.12, +30667.22);
INSERT INTO web_transaction ("date", description, number, amount, availableBalance) VALUES ('2025-05-11 21:56:26.108348', 'Pizza Delivery', '81080132677360260647', -1391.02, +29276.2);
INSERT INTO web_transaction ("date", description, number, amount, availableBalance) VALUES ('2025-09-12 21:56:26.108348', 'Restaurant Madrid', '81080132677360260647', -744.13, +28532.07);
INSERT INTO web_transaction ("date", description, number, amount, availableBalance) VALUES ('2024-03-24 21:56:26.108406', 'Computer Store', '87234309805009788208', -1648.45, +10576.67);
INSERT INTO web_transaction ("date", description, number, amount, availableBalance) VALUES ('2024-05-15 21:56:26.108406', 'Movie Theater', '87234309805009788208', -1737.74, +8838.93);
INSERT INTO web_transaction ("date", description, number, amount, availableBalance) VALUES ('2024-05-20 21:56:26.108406', 'Sports Store', '87234309805009788208', -1537.89, +7301.04);
INSERT INTO web_transaction ("date", description, number, amount, availableBalance) VALUES ('2024-07-28 21:56:26.108406', 'Pharmacy', '87234309805009788208', -166.93, +7134.11);
INSERT INTO web_transaction ("date", description, number, amount, availableBalance) VALUES ('2024-12-04 21:56:26.108406', 'Pizza Delivery', '87234309805009788208', -337.67, +6796.44);
INSERT INTO web_transaction ("date", description, number, amount, availableBalance) VALUES ('2025-04-13 21:56:26.108406', 'Refund', '87234309805009788208', +3390.52, +10186.96);
INSERT INTO web_transaction ("date", description, number, amount, availableBalance) VALUES ('2025-06-23 21:56:26.108406', 'Wood Supply', '87234309805009788208', -698.59, +9488.37);
INSERT INTO web_transaction ("date", description, number, amount, availableBalance) VALUES ('2025-07-26 21:56:26.108406', 'Restaurant New York', '87234309805009788208', -695.58, +8792.79);
INSERT INTO web_transaction ("date", description, number, amount, availableBalance) VALUES ('2025-08-08 21:56:26.108406', 'Movie Theater', '87234309805009788208', -1214.23, +7578.56);
INSERT INTO web_transaction ("date", description, number, amount, availableBalance) VALUES ('2025-10-10 21:56:26.108406', 'Restaurant New York', '87234309805009788208', -556.16, +7022.4);
INSERT INTO web_transaction ("date", description, number, amount, availableBalance) VALUES ('2025-10-26 21:56:26.108406', 'Restaurant New York', '87234309805009788208', -195.92, +6826.48);
INSERT INTO web_transaction ("date", description, number, amount, availableBalance) VALUES ('2025-11-13 21:56:26.108406', 'Bonus', '87234309805009788208', +1193.87, +8020.35);
INSERT INTO web_transaction ("date", description, number, amount, availableBalance) VALUES ('2025-06-19 21:56:26.108445', 'Computer Store', '19136193990916998543', -601.89, +66905.01);
INSERT INTO web_transaction ("date", description, number, amount, availableBalance) VALUES ('2025-08-07 21:56:26.108445', 'Freelance Income', '19136193990916998543', +3969.6, +70874.61);
INSERT INTO web_transaction ("date", description, number, amount, availableBalance) VALUES ('2025-10-18 21:56:26.108445', 'Mobile Phone Store', '19136193990916998543', -1779.1, +69095.51);
INSERT INTO web_transaction ("date", description, number, amount, availableBalance) VALUES ('2025-11-06 21:56:26.108445', 'Online Shopping', '19136193990916998543', -1148.55, +67946.96);
INSERT INTO web_transaction ("date", description, number, amount, availableBalance) VALUES ('2025-12-24 21:56:26.108445', 'Pizza Delivery', '19136193990916998543', -971.06, +66975.9);
INSERT INTO web_transaction ("date", description, number, amount, availableBalance) VALUES ('2025-03-15 21:56:26.108468', 'Refund', '34624751079911838425', +2817.41, +91697.32);
INSERT INTO web_transaction ("date", description, number, amount, availableBalance) VALUES ('2025-07-02 21:56:26.108468', 'WebHosting', '34624751079911838425', -1724.36, +89972.96);
INSERT INTO web_transaction ("date", description, number, amount, availableBalance) VALUES ('2025-07-13 21:56:26.108468', 'Mobile Phone Store', '34624751079911838425', -934.24, +89038.72);
INSERT INTO web_transaction ("date", description, number, amount, availableBalance) VALUES ('2025-08-12 21:56:26.108468', 'Pharmacy', '34624751079911838425', -697.29, +88341.43);
INSERT INTO web_transaction ("date", description, number, amount, availableBalance) VALUES ('2025-09-07 21:56:26.108468', 'Mobile Phone Store', '34624751079911838425', -253.82, +88087.61);
INSERT INTO web_transaction ("date", description, number, amount, availableBalance) VALUES ('2025-04-28 21:56:26.108485', 'Coffee Shop', '42784980841241182449', -632.3, +20359.19);
INSERT INTO web_transaction ("date", description, number, amount, availableBalance) VALUES ('2025-07-13 21:56:26.108485', 'Restaurant New York', '42784980841241182449', -938.96, +19420.23);
INSERT INTO web_transaction ("date", description, number, amount, availableBalance) VALUES ('2025-07-23 21:56:26.108485', 'Pharmacy', '42784980841241182449', -1805.6, +17614.63);
INSERT INTO web_transaction ("date", description, number, amount, availableBalance) VALUES ('2025-08-05 21:56:26.108485', 'Wood Supply', '42784980841241182449', -438.14, +17176.49);
INSERT INTO web_transaction ("date", description, number, amount, availableBalance) VALUES ('2025-09-14 21:56:26.108485', 'Pet Store', '42784980841241182449', -1695.87, +15480.62);
INSERT INTO web_transaction ("date", description, number, amount, availableBalance) VALUES ('2025-10-04 21:56:26.108485', 'Refund', '42784980841241182449', +2727.02, +18207.64);
INSERT INTO web_transaction ("date", description, number, amount, availableBalance) VALUES ('2025-10-22 21:56:26.108485', 'Grocery Store', '42784980841241182449', -1891.01, +16316.63);
INSERT INTO web_transaction ("date", description, number, amount, availableBalance) VALUES ('2025-12-18 21:56:26.108485', 'Refund', '42784980841241182449', +4754.23, +21070.86);
INSERT INTO web_transaction ("date", description, number, amount, availableBalance) VALUES ('2022-07-03 21:56:26.108514', 'Online Shopping', '34874016400524278680', -812.48, +17292.33);
INSERT INTO web_transaction ("date", description, number, amount, availableBalance) VALUES ('2022-10-17 21:56:26.108514', 'Grocery Store', '34874016400524278680', -266.04, +17026.29);
INSERT INTO web_transaction ("date", description, number, amount, availableBalance) VALUES ('2024-04-13 21:56:26.108514', 'Restaurant Madrid', '34874016400524278680', -1128.02, +15898.27);
INSERT INTO web_transaction ("date", description, number, amount, availableBalance) VALUES ('2024-10-10 21:56:26.108514', 'Grocery Store', '34874016400524278680', -778.83, +15119.44);
INSERT INTO web_transaction ("date", description, number, amount, availableBalance) VALUES ('2025-05-18 21:56:26.108514', 'Online Shopping', '34874016400524278680', -1973.71, +13145.73);
INSERT INTO web_transaction ("date", description, number, amount, availableBalance) VALUES ('2025-08-17 21:56:26.108514', 'Online Shopping', '34874016400524278680', -297.09, +12848.64);
INSERT INTO web_transaction ("date", description, number, amount, availableBalance) VALUES ('2025-09-29 21:56:26.108514', 'Pizza Delivery', '34874016400524278680', -1652.37, +11196.27);
INSERT INTO web_transaction ("date", description, number, amount, availableBalance) VALUES ('2021-12-16 21:56:26.108537', 'Restaurant Madrid', '28059826204505331586', -606.58, +107512.59);
INSERT INTO web_transaction ("date", description, number, amount, availableBalance) VALUES ('2022-09-13 21:56:26.108537', 'Mobile Phone Store', '28059826204505331586', -1043.47, +106469.12);
INSERT INTO web_transaction ("date", description, number, amount, availableBalance) VALUES ('2023-02-21 21:56:26.108537', 'Online Shopping', '28059826204505331586', -1161.16, +105307.96);
INSERT INTO web_transaction ("date", description, number, amount, availableBalance) VALUES ('2023-07-17 21:56:26.108537', 'Computer Store', '28059826204505331586', -1981.33, +103326.63);
INSERT INTO web_transaction ("date", description, number, amount, availableBalance) VALUES ('2023-12-30 21:56:26.108537', 'Restaurant Madrid', '28059826204505331586', -1551.47, +101775.16);
INSERT INTO web_transaction ("date", description, number, amount, availableBalance) VALUES ('2024-03-14 21:56:26.108537', 'Gas Station', '28059826204505331586', -228.11, +101547.05);
INSERT INTO web_transaction ("date", description, number, amount, availableBalance) VALUES ('2024-10-20 21:56:26.108537', 'Restaurant Madrid', '28059826204505331586', -966.09, +100580.96);
INSERT INTO web_transaction ("date", description, number, amount, availableBalance) VALUES ('2024-11-06 21:56:26.108537', 'Restaurant New York', '28059826204505331586', -1658.3, +98922.66);
INSERT INTO web_transaction ("date", description, number, amount, availableBalance) VALUES ('2025-01-27 21:56:26.108537', 'Freelance Income', '28059826204505331586', +1589.88, +100512.54);
INSERT INTO web_transaction ("date", description, number, amount, availableBalance) VALUES ('2025-04-20 21:56:26.108537', 'Restaurant New York', '28059826204505331586', -288.16, +100224.38);
INSERT INTO web_transaction ("date", description, number, amount, availableBalance) VALUES ('2025-07-16 21:56:26.108537', 'Restaurant Madrid', '28059826204505331586', -954.43, +99269.95);
INSERT INTO web_transaction ("date", description, number, amount, availableBalance) VALUES ('2025-09-21 21:56:26.108537', 'Online Shopping', '28059826204505331586', -1798.55, +97471.4);
INSERT INTO web_transaction ("date", description, number, amount, availableBalance) VALUES ('2025-11-12 21:56:26.108537', 'Pet Store', '28059826204505331586', -87.44, +97383.96);
INSERT INTO web_transaction ("date", description, number, amount, availableBalance) VALUES ('2025-06-27 21:56:26.108596', 'Gas Station', '32260256342160733754', -961.96, +75040.98);
INSERT INTO web_transaction ("date", description, number, amount, availableBalance) VALUES ('2025-07-16 21:56:26.108596', 'Refund', '32260256342160733754', +2384.51, +77425.49);
INSERT INTO web_transaction ("date", description, number, amount, availableBalance) VALUES ('2025-09-15 21:56:26.108596', 'Sports Store', '32260256342160733754', -924.73, +76500.76);
INSERT INTO web_transaction ("date", description, number, amount, availableBalance) VALUES ('2025-09-30 21:56:26.108596', 'Retirement', '32260256342160733754', +8261.56, +84762.32);
INSERT INTO web_transaction ("date", description, number, amount, availableBalance) VALUES ('2025-10-26 21:56:26.108596', 'Computer Store', '32260256342160733754', -1008.62, +83753.7);
INSERT INTO web_transaction ("date", description, number, amount, availableBalance) VALUES ('2025-12-24 21:56:26.108596', 'Pharmacy', '32260256342160733754', -1698.27, +82055.43);
INSERT INTO web_transaction ("date", description, number, amount, availableBalance) VALUES ('2024-09-21 21:56:26.108623', 'Pizza Delivery', '30365414586850142940', -1911.07, +23032.52);
INSERT INTO web_transaction ("date", description, number, amount, availableBalance) VALUES ('2024-11-29 21:56:26.108623', 'Computer Store', '30365414586850142940', -1638.57, +21393.95);
INSERT INTO web_transaction ("date", description, number, amount, availableBalance) VALUES ('2025-03-30 21:56:26.108623', 'Pharmacy', '30365414586850142940', -1444.64, +19949.31);
INSERT INTO web_transaction ("date", description, number, amount, availableBalance) VALUES ('2025-04-07 21:56:26.108623', 'Pharmacy', '30365414586850142940', -1081.77, +18867.54);
INSERT INTO web_transaction ("date", description, number, amount, availableBalance) VALUES ('2025-04-09 21:56:26.108623', 'WebHosting', '30365414586850142940', -1125.37, +17742.17);
INSERT INTO web_transaction ("date", description, number, amount, availableBalance) VALUES ('2025-04-14 21:56:26.108623', 'Wood Supply', '30365414586850142940', -1915.1, +15827.07);
INSERT INTO web_transaction ("date", description, number, amount, availableBalance) VALUES ('2025-05-03 21:56:26.108623', 'Wood Supply', '30365414586850142940', -1883.56, +13943.51);
INSERT INTO web_transaction ("date", description, number, amount, availableBalance) VALUES ('2025-07-26 21:56:26.108623', 'Restaurant Madrid', '30365414586850142940', -1356.48, +12587.03);
INSERT INTO web_transaction ("date", description, number, amount, availableBalance) VALUES ('2025-11-05 21:56:26.108623', 'Mobile Phone Store', '30365414586850142940', -1315.38, +11271.65);
INSERT INTO web_transaction ("date", description, number, amount, availableBalance) VALUES ('2025-11-15 21:56:26.108623', 'Coffee Shop', '30365414586850142940', -422.48, +10849.17);
INSERT INTO web_transaction ("date", description, number, amount, availableBalance) VALUES ('2025-04-05 21:56:26.108658', 'Restaurant Madrid', '56981693406088356159', -486.17, +31260.4);
INSERT INTO web_transaction ("date", description, number, amount, availableBalance) VALUES ('2025-04-25 21:56:26.108658', 'Gas Station', '56981693406088356159', -127.73, +31132.67);
INSERT INTO web_transaction ("date", description, number, amount, availableBalance) VALUES ('2025-07-08 21:56:26.108658', 'Restaurant New York', '56981693406088356159', -459.09, +30673.58);
INSERT INTO web_transaction ("date", description, number, amount, availableBalance) VALUES ('2025-08-05 21:56:26.108658', 'Wood Supply', '56981693406088356159', -1514.26, +29159.32);
INSERT INTO web_transaction ("date", description, number, amount, availableBalance) VALUES ('2025-11-07 21:56:26.108658', 'Interest Payment', '56981693406088356159', +1986.32, +31145.64);
INSERT INTO web_transaction ("date", description, number, amount, availableBalance) VALUES ('2025-11-09 21:56:26.108658', 'Sports Store', '56981693406088356159', -819.75, +30325.89);
INSERT INTO web_transaction ("date", description, number, amount, availableBalance) VALUES ('2025-12-17 21:56:26.108658', 'Retirement', '56981693406088356159', +1072.54, +31398.43);
INSERT INTO web_transaction ("date", description, number, amount, availableBalance) VALUES ('2024-11-24 21:56:26.108682', 'Coffee Shop', '48465648236629946804', -1702.16, +11745.34);
INSERT INTO web_transaction ("date", description, number, amount, availableBalance) VALUES ('2024-12-23 21:56:26.108682', 'Grocery Store', '48465648236629946804', -807.66, +10937.68);
INSERT INTO web_transaction ("date", description, number, amount, availableBalance) VALUES ('2025-01-12 21:56:26.108682', 'Mobile Phone Store', '48465648236629946804', -1779.63, +9158.05);
INSERT INTO web_transaction ("date", description, number, amount, availableBalance) VALUES ('2025-02-03 21:56:26.108682', 'Sports Store', '48465648236629946804', -841.59, +8316.46);
INSERT INTO web_transaction ("date", description, number, amount, availableBalance) VALUES ('2025-02-11 21:56:26.108682', 'Restaurant Madrid', '48465648236629946804', -1352.06, +6964.4);
INSERT INTO web_transaction ("date", description, number, amount, availableBalance) VALUES ('2025-03-12 21:56:26.108682', 'Retirement', '48465648236629946804', +7684.36, +14648.76);
INSERT INTO web_transaction ("date", description, number, amount, availableBalance) VALUES ('2025-04-02 21:56:26.108682', 'Sports Store', '48465648236629946804', -1873.85, +12774.91);
INSERT INTO web_transaction ("date", description, number, amount, availableBalance) VALUES ('2025-04-26 21:56:26.108682', 'Sports Store', '48465648236629946804', -38.03, +12736.88);
INSERT INTO web_transaction ("date", description, number, amount, availableBalance) VALUES ('2025-05-27 21:56:26.108682', 'Pet Store', '48465648236629946804', -1994.37, +10742.51);
INSERT INTO web_transaction ("date", description, number, amount, availableBalance) VALUES ('2025-06-11 21:56:26.108682', 'Freelance Income', '48465648236629946804', +4536.69, +15279.2);
INSERT INTO web_transaction ("date", description, number, amount, availableBalance) VALUES ('2025-09-09 21:56:26.108682', 'Pet Store', '48465648236629946804', -603.8, +14675.4);
INSERT INTO web_transaction ("date", description, number, amount, availableBalance) VALUES ('2025-09-29 21:56:26.108682', 'Refund', '48465648236629946804', +1780.53, +16455.93);
INSERT INTO web_transaction ("date", description, number, amount, availableBalance) VALUES ('2025-10-02 21:56:26.108682', 'Retirement', '48465648236629946804', +11235.67, +27691.6);
INSERT INTO web_transaction ("date", description, number, amount, availableBalance) VALUES ('2025-11-25 21:56:26.108682', 'Interest Payment', '48465648236629946804', +1559.85, +29251.45);
INSERT INTO web_transaction ("date", description, number, amount, availableBalance) VALUES ('2025-12-24 21:56:26.108682', 'Mobile Phone Store', '48465648236629946804', -552.95, +28698.5);
INSERT INTO web_transaction ("date", description, number, amount, availableBalance) VALUES ('2024-10-19 21:56:26.108732', 'Gas Station', '99577738721489513433', -1511.93, +24204.68);
INSERT INTO web_transaction ("date", description, number, amount, availableBalance) VALUES ('2024-11-26 21:56:26.108732', 'Coffee Shop', '99577738721489513433', -480.24, +23724.44);
INSERT INTO web_transaction ("date", description, number, amount, availableBalance) VALUES ('2024-12-11 21:56:26.108732', 'Wood Supply', '99577738721489513433', -446.07, +23278.37);
INSERT INTO web_transaction ("date", description, number, amount, availableBalance) VALUES ('2025-03-08 21:56:26.108732', 'Restaurant New York', '99577738721489513433', -1826.47, +21451.9);
INSERT INTO web_transaction ("date", description, number, amount, availableBalance) VALUES ('2025-04-21 21:56:26.108732', 'Coffee Shop', '99577738721489513433', -1150.03, +20301.87);
INSERT INTO web_transaction ("date", description, number, amount, availableBalance) VALUES ('2025-05-26 21:56:26.108732', 'Gas Station', '99577738721489513433', -1833.1, +18468.77);
INSERT INTO web_transaction ("date", description, number, amount, availableBalance) VALUES ('2025-06-11 21:56:26.108732', 'Movie Theater', '99577738721489513433', -1410.08, +17058.69);
INSERT INTO web_transaction ("date", description, number, amount, availableBalance) VALUES ('2025-08-14 21:56:26.108732', 'Mobile Phone Store', '99577738721489513433', -1497.99, +15560.7);
INSERT INTO web_transaction ("date", description, number, amount, availableBalance) VALUES ('2025-12-24 21:56:26.108732', 'Sports Store', '99577738721489513433', -816.78, +14743.92);
INSERT INTO web_transaction ("date", description, number, amount, availableBalance) VALUES ('2024-04-02 21:56:26.108765', 'Computer Store', '79176936763201632870', -516.37, +53638.54);
INSERT INTO web_transaction ("date", description, number, amount, availableBalance) VALUES ('2024-05-25 21:56:26.108765', 'Movie Theater', '79176936763201632870', -1025.65, +52612.89);
INSERT INTO web_transaction ("date", description, number, amount, availableBalance) VALUES ('2024-05-30 21:56:26.108765', 'Grocery Store', '79176936763201632870', -1086.92, +51525.97);
INSERT INTO web_transaction ("date", description, number, amount, availableBalance) VALUES ('2024-08-15 21:56:26.108765', 'Interest Payment', '79176936763201632870', +1309.92, +52835.89);
INSERT INTO web_transaction ("date", description, number, amount, availableBalance) VALUES ('2024-10-23 21:56:26.108765', 'Bonus', '79176936763201632870', +4563.0, +57398.89);
INSERT INTO web_transaction ("date", description, number, amount, availableBalance) VALUES ('2025-02-08 21:56:26.108765', 'Interest Payment', '79176936763201632870', +3527.45, +60926.34);
INSERT INTO web_transaction ("date", description, number, amount, availableBalance) VALUES ('2025-06-03 21:56:26.108765', 'Coffee Shop', '79176936763201632870', -1295.3, +59631.04);
INSERT INTO web_transaction ("date", description, number, amount, availableBalance) VALUES ('2025-06-06 21:56:26.108765', 'Restaurant Madrid', '79176936763201632870', -155.33, +59475.71);
INSERT INTO web_transaction ("date", description, number, amount, availableBalance) VALUES ('2025-07-26 21:56:26.108765', 'Grocery Store', '79176936763201632870', -1972.41, +57503.3);
INSERT INTO web_transaction ("date", description, number, amount, availableBalance) VALUES ('2025-09-13 21:56:26.108765', 'Sports Store', '79176936763201632870', -337.43, +57165.87);
INSERT INTO web_transaction ("date", description, number, amount, availableBalance) VALUES ('2025-10-28 21:56:26.108765', 'WebHosting', '79176936763201632870', -165.42, +57000.45);
INSERT INTO web_transaction ("date", description, number, amount, availableBalance) VALUES ('2025-10-28 21:56:26.108765', 'Restaurant New York', '79176936763201632870', -836.69, +56163.76);
INSERT INTO web_transaction ("date", description, number, amount, availableBalance) VALUES ('2025-11-17 21:56:26.108765', 'Gas Station', '79176936763201632870', -418.75, +55745.01);
INSERT INTO web_transaction ("date", description, number, amount, availableBalance) VALUES ('2024-06-20 21:56:26.108806', 'Freelance Income', '72788957986872774348', +2386.58, +35286.63);
INSERT INTO web_transaction ("date", description, number, amount, availableBalance) VALUES ('2024-07-08 21:56:26.108806', 'Grocery Store', '72788957986872774348', -210.78, +35075.85);
INSERT INTO web_transaction ("date", description, number, amount, availableBalance) VALUES ('2024-09-27 21:56:26.108806', 'Retirement', '72788957986872774348', +14123.75, +49199.6);
INSERT INTO web_transaction ("date", description, number, amount, availableBalance) VALUES ('2024-10-18 21:56:26.108806', 'Freelance Income', '72788957986872774348', +4435.49, +53635.09);
INSERT INTO web_transaction ("date", description, number, amount, availableBalance) VALUES ('2025-01-18 21:56:26.108806', 'Sports Store', '72788957986872774348', -1458.44, +52176.65);
INSERT INTO web_transaction ("date", description, number, amount, availableBalance) VALUES ('2025-04-05 21:56:26.108806', 'Online Shopping', '72788957986872774348', -55.24, +52121.41);
INSERT INTO web_transaction ("date", description, number, amount, availableBalance) VALUES ('2025-05-24 21:56:26.108806', 'Wood Supply', '72788957986872774348', -502.55, +51618.86);
INSERT INTO web_transaction ("date", description, number, amount, availableBalance) VALUES ('2025-06-23 21:56:26.108806', 'Movie Theater', '72788957986872774348', -1814.47, +49804.39);
INSERT INTO web_transaction ("date", description, number, amount, availableBalance) VALUES ('2025-11-30 21:56:26.108806', 'Coffee Shop', '72788957986872774348', -1093.45, +48710.94);
INSERT INTO web_transaction ("date", description, number, amount, availableBalance) VALUES ('2025-12-06 21:56:26.108806', 'WebHosting', '72788957986872774348', -246.08, +48464.86);
INSERT INTO web_transaction ("date", description, number, amount, availableBalance) VALUES ('2025-05-26 21:56:26.108842', 'Online Shopping', '71434558122362316658', -1728.82, +55362.94);
INSERT INTO web_transaction ("date", description, number, amount, availableBalance) VALUES ('2025-06-17 21:56:26.108842', 'Wood Supply', '71434558122362316658', -610.51, +54752.43);
INSERT INTO web_transaction ("date", description, number, amount, availableBalance) VALUES ('2025-06-28 21:56:26.108842', 'Sports Store', '71434558122362316658', -606.78, +54145.65);
INSERT INTO web_transaction ("date", description, number, amount, availableBalance) VALUES ('2025-07-08 21:56:26.108842', 'Mobile Phone Store', '71434558122362316658', -489.53, +53656.12);
INSERT INTO web_transaction ("date", description, number, amount, availableBalance) VALUES ('2025-07-10 21:56:26.108842', 'Pet Store', '71434558122362316658', -810.51, +52845.61);
INSERT INTO web_transaction ("date", description, number, amount, availableBalance) VALUES ('2025-07-27 21:56:26.108842', 'Restaurant New York', '71434558122362316658', -449.88, +52395.73);
INSERT INTO web_transaction ("date", description, number, amount, availableBalance) VALUES ('2025-08-29 21:56:26.108842', 'Sports Store', '71434558122362316658', -1255.73, +51140.0);
INSERT INTO web_transaction ("date", description, number, amount, availableBalance) VALUES ('2025-10-23 21:56:26.108842', 'Pet Store', '71434558122362316658', -1944.86, +49195.14);
INSERT INTO web_transaction ("date", description, number, amount, availableBalance) VALUES ('2025-10-31 21:56:26.108842', 'Restaurant Madrid', '71434558122362316658', -1199.86, +47995.28);
INSERT INTO web_transaction ("date", description, number, amount, availableBalance) VALUES ('2025-11-06 21:56:26.108842', 'Online Shopping', '71434558122362316658', -1053.68, +46941.6);
INSERT INTO web_transaction ("date", description, number, amount, availableBalance) VALUES ('2025-11-15 21:56:26.108842', 'Refund', '71434558122362316658', +1553.73, +48495.33);
INSERT INTO web_transaction ("date", description, number, amount, availableBalance) VALUES ('2025-12-23 21:56:26.108842', 'Restaurant New York', '71434558122362316658', -1897.56, +46597.77);
INSERT INTO web_transaction ("date", description, number, amount, availableBalance) VALUES ('2025-03-12 21:56:26.108889', 'Restaurant Madrid', '36690967054668893734', -88.7, +44328.2);
INSERT INTO web_transaction ("date", description, number, amount, availableBalance) VALUES ('2025-03-15 21:56:26.108889', 'Wood Supply', '36690967054668893734', -667.22, +43660.98);
INSERT INTO web_transaction ("date", description, number, amount, availableBalance) VALUES ('2025-05-11 21:56:26.108889', 'Movie Theater', '36690967054668893734', -40.51, +43620.47);
INSERT INTO web_transaction ("date", description, number, amount, availableBalance) VALUES ('2025-07-23 21:56:26.108889', 'Wood Supply', '36690967054668893734', -1740.25, +41880.22);
INSERT INTO web_transaction ("date", description, number, amount, availableBalance) VALUES ('2025-08-15 21:56:26.108889', 'Wood Supply', '36690967054668893734', -112.56, +41767.66);
INSERT INTO web_transaction ("date", description, number, amount, availableBalance) VALUES ('2025-08-20 21:56:26.108889', 'Restaurant New York', '36690967054668893734', -1064.68, +40702.98);
INSERT INTO web_transaction ("date", description, number, amount, availableBalance) VALUES ('2025-09-02 21:56:26.108889', 'Movie Theater', '36690967054668893734', -124.67, +40578.31);
INSERT INTO web_transaction ("date", description, number, amount, availableBalance) VALUES ('2025-11-04 21:56:26.108889', 'Pharmacy', '36690967054668893734', -748.44, +39829.87);
INSERT INTO web_transaction ("date", description, number, amount, availableBalance) VALUES ('2025-11-16 21:56:26.108889', 'Bonus', '36690967054668893734', +3759.37, +43589.24);
INSERT INTO web_transaction ("date", description, number, amount, availableBalance) VALUES ('2024-04-12 21:56:26.108927', 'WebHosting', '65627298069901627204', -632.71, +40693.05);
INSERT INTO web_transaction ("date", description, number, amount, availableBalance) VALUES ('2024-09-22 21:56:26.108927', 'Coffee Shop', '65627298069901627204', -1212.76, +39480.29);
INSERT INTO web_transaction ("date", description, number, amount, availableBalance) VALUES ('2024-12-11 21:56:26.108927', 'Wood Supply', '65627298069901627204', -1108.64, +38371.65);
INSERT INTO web_transaction ("date", description, number, amount, availableBalance) VALUES ('2025-01-06 21:56:26.108927', 'Restaurant New York', '65627298069901627204', -1300.96, +37070.69);
INSERT INTO web_transaction ("date", description, number, amount, availableBalance) VALUES ('2025-01-18 21:56:26.108927', 'Freelance Income', '65627298069901627204', +2612.71, +39683.4);
INSERT INTO web_transaction ("date", description, number, amount, availableBalance) VALUES ('2025-06-17 21:56:26.108927', 'Restaurant New York', '65627298069901627204', -1766.8, +37916.6);
INSERT INTO web_transaction ("date", description, number, amount, availableBalance) VALUES ('2024-11-19 21:56:26.108951', 'Gas Station', '55646417080531003309', -106.54, +27429.79);
INSERT INTO web_transaction ("date", description, number, amount, availableBalance) VALUES ('2024-11-19 21:56:26.108951', 'Gas Station', '55646417080531003309', -980.83, +26448.96);
INSERT INTO web_transaction ("date", description, number, amount, availableBalance) VALUES ('2024-12-20 21:56:26.108951', 'Pharmacy', '55646417080531003309', -1265.1, +25183.86);
INSERT INTO web_transaction ("date", description, number, amount, availableBalance) VALUES ('2024-12-24 21:56:26.108951', 'Restaurant New York', '55646417080531003309', -77.31, +25106.55);
INSERT INTO web_transaction ("date", description, number, amount, availableBalance) VALUES ('2025-02-24 21:56:26.108951', 'Computer Store', '55646417080531003309', -597.43, +24509.12);
INSERT INTO web_transaction ("date", description, number, amount, availableBalance) VALUES ('2025-03-21 21:56:26.108951', 'Computer Store', '55646417080531003309', -1143.88, +23365.24);
INSERT INTO web_transaction ("date", description, number, amount, availableBalance) VALUES ('2025-05-07 21:56:26.108951', 'Gas Station', '55646417080531003309', -1887.49, +21477.75);
INSERT INTO web_transaction ("date", description, number, amount, availableBalance) VALUES ('2025-07-07 21:56:26.108951', 'Pet Store', '55646417080531003309', -445.25, +21032.5);
INSERT INTO web_transaction ("date", description, number, amount, availableBalance) VALUES ('2025-08-22 21:56:26.108951', 'Sports Store', '55646417080531003309', -288.52, +20743.98);
INSERT INTO web_transaction ("date", description, number, amount, availableBalance) VALUES ('2025-09-11 21:56:26.108951', 'Pet Store', '55646417080531003309', -528.94, +20215.04);
INSERT INTO web_transaction ("date", description, number, amount, availableBalance) VALUES ('2025-09-27 21:56:26.108951', 'Restaurant Madrid', '55646417080531003309', -1279.08, +18935.96);
INSERT INTO web_transaction ("date", description, number, amount, availableBalance) VALUES ('2025-10-10 21:56:26.108951', 'Movie Theater', '55646417080531003309', -1779.84, +17156.12);
INSERT INTO web_transaction ("date", description, number, amount, availableBalance) VALUES ('2025-11-21 21:56:26.108951', 'Pharmacy', '55646417080531003309', -982.36, +16173.76);
INSERT INTO web_transaction ("date", description, number, amount, availableBalance) VALUES ('2025-11-26 21:56:26.108951', 'Mobile Phone Store', '55646417080531003309', -927.05, +15246.71);
INSERT INTO web_transaction ("date", description, number, amount, availableBalance) VALUES ('2024-06-06 21:56:26.108997', 'Pharmacy', '71937452991241904966', -1303.29, +88561.28);
INSERT INTO web_transaction ("date", description, number, amount, availableBalance) VALUES ('2024-07-26 21:56:26.108997', 'Wood Supply', '71937452991241904966', -606.95, +87954.33);
INSERT INTO web_transaction ("date", description, number, amount, availableBalance) VALUES ('2024-07-28 21:56:26.108997', 'Salary', '71937452991241904966', +3662.8, +91617.13);
INSERT INTO web_transaction ("date", description, number, amount, availableBalance) VALUES ('2024-08-11 21:56:26.108997', 'Movie Theater', '71937452991241904966', -366.74, +91250.39);
INSERT INTO web_transaction ("date", description, number, amount, availableBalance) VALUES ('2025-01-09 21:56:26.108997', 'Interest Payment', '71937452991241904966', +2565.49, +93815.88);
INSERT INTO web_transaction ("date", description, number, amount, availableBalance) VALUES ('2025-04-09 21:56:26.108997', 'Computer Store', '71937452991241904966', -1293.37, +92522.51);
INSERT INTO web_transaction ("date", description, number, amount, availableBalance) VALUES ('2025-06-15 21:56:26.108997', 'WebHosting', '71937452991241904966', -541.98, +91980.53);
INSERT INTO web_transaction ("date", description, number, amount, availableBalance) VALUES ('2025-07-19 21:56:26.108997', 'Pet Store', '71937452991241904966', -1009.41, +90971.12);
INSERT INTO web_transaction ("date", description, number, amount, availableBalance) VALUES ('2025-09-04 21:56:26.108997', 'Interest Payment', '71937452991241904966', +2197.26, +93168.38);
INSERT INTO web_transaction ("date", description, number, amount, availableBalance) VALUES ('2025-10-26 21:56:26.108997', 'Wood Supply', '71937452991241904966', -391.94, +92776.44);
INSERT INTO web_transaction ("date", description, number, amount, availableBalance) VALUES ('2025-10-27 21:56:26.108997', 'Pharmacy', '71937452991241904966', -1947.94, +90828.5);
INSERT INTO web_transaction ("date", description, number, amount, availableBalance) VALUES ('2025-11-04 21:56:26.108997', 'Bonus', '71937452991241904966', +3749.87, +94578.37);
INSERT INTO web_transaction ("date", description, number, amount, availableBalance) VALUES ('2025-12-06 21:56:26.108997', 'Wood Supply', '71937452991241904966', -430.72, +94147.65);
INSERT INTO web_transaction ("date", description, number, amount, availableBalance) VALUES ('2024-12-26 21:56:26.109042', 'Restaurant Madrid', '19314919058651850671', -1319.64, +42941.46);
INSERT INTO web_transaction ("date", description, number, amount, availableBalance) VALUES ('2025-01-10 21:56:26.109042', 'WebHosting', '19314919058651850671', -41.16, +42900.3);
INSERT INTO web_transaction ("date", description, number, amount, availableBalance) VALUES ('2025-02-16 21:56:26.109042', 'Salary', '19314919058651850671', +3579.93, +46480.23);
INSERT INTO web_transaction ("date", description, number, amount, availableBalance) VALUES ('2025-05-07 21:56:26.109042', 'WebHosting', '19314919058651850671', -116.86, +46363.37);
INSERT INTO web_transaction ("date", description, number, amount, availableBalance) VALUES ('2025-05-14 21:56:26.109042', 'Gas Station', '19314919058651850671', -553.92, +45809.45);
INSERT INTO web_transaction ("date", description, number, amount, availableBalance) VALUES ('2025-06-09 21:56:26.109042', 'Freelance Income', '19314919058651850671', +3758.74, +49568.19);
INSERT INTO web_transaction ("date", description, number, amount, availableBalance) VALUES ('2025-07-11 21:56:26.109042', 'Grocery Store', '19314919058651850671', -605.56, +48962.63);
INSERT INTO web_transaction ("date", description, number, amount, availableBalance) VALUES ('2025-09-07 21:56:26.109042', 'Pharmacy', '19314919058651850671', -1700.39, +47262.24);
INSERT INTO web_transaction ("date", description, number, amount, availableBalance) VALUES ('2025-10-09 21:56:26.109042', 'WebHosting', '19314919058651850671', -773.85, +46488.39);
INSERT INTO web_transaction ("date", description, number, amount, availableBalance) VALUES ('2025-10-24 21:56:26.109042', 'Grocery Store', '19314919058651850671', -687.78, +45800.61);
INSERT INTO web_transaction ("date", description, number, amount, availableBalance) VALUES ('2025-10-27 21:56:26.109042', 'Restaurant Madrid', '19314919058651850671', -799.44, +45001.17);
INSERT INTO web_transaction ("date", description, number, amount, availableBalance) VALUES ('2025-11-20 21:56:26.109042', 'Online Shopping', '19314919058651850671', -1643.17, +43358.0);
INSERT INTO web_transaction ("date", description, number, amount, availableBalance) VALUES ('2022-07-01 21:56:26.109092', 'Restaurant New York', '72628498776945314737', -822.01, +53601.83);
INSERT INTO web_transaction ("date", description, number, amount, availableBalance) VALUES ('2022-11-12 21:56:26.109092', 'WebHosting', '72628498776945314737', -727.79, +52874.04);
INSERT INTO web_transaction ("date", description, number, amount, availableBalance) VALUES ('2023-03-20 21:56:26.109092', 'Freelance Income', '72628498776945314737', +4027.51, +56901.55);
INSERT INTO web_transaction ("date", description, number, amount, availableBalance) VALUES ('2023-04-21 21:56:26.109092', 'Wood Supply', '72628498776945314737', -1148.2, +55753.35);
INSERT INTO web_transaction ("date", description, number, amount, availableBalance) VALUES ('2023-11-08 21:56:26.109092', 'Coffee Shop', '72628498776945314737', -156.28, +55597.07);
INSERT INTO web_transaction ("date", description, number, amount, availableBalance) VALUES ('2023-11-12 21:56:26.109092', 'Refund', '72628498776945314737', +2501.31, +58098.38);
INSERT INTO web_transaction ("date", description, number, amount, availableBalance) VALUES ('2023-12-27 21:56:26.109092', 'Pharmacy', '72628498776945314737', -776.62, +57321.76);
INSERT INTO web_transaction ("date", description, number, amount, availableBalance) VALUES ('2024-01-03 21:56:26.109092', 'Grocery Store', '72628498776945314737', -1546.61, +55775.15);
INSERT INTO web_transaction ("date", description, number, amount, availableBalance) VALUES ('2024-11-13 21:56:26.109092', 'Salary', '72628498776945314737', +1343.26, +57118.41);
INSERT INTO web_transaction ("date", description, number, amount, availableBalance) VALUES ('2025-06-27 21:56:26.109092', 'Online Shopping', '72628498776945314737', -178.55, +56939.86);
INSERT INTO web_transaction ("date", description, number, amount, availableBalance) VALUES ('2025-08-20 21:56:26.109092', 'Computer Store', '72628498776945314737', -869.38, +56070.48);
INSERT INTO web_transaction ("date", description, number, amount, availableBalance) VALUES ('2025-09-14 21:56:26.109092', 'Bonus', '72628498776945314737', +918.79, +56989.27);
INSERT INTO web_transaction ("date", description, number, amount, availableBalance) VALUES ('2024-10-23 21:56:26.109136', 'Computer Store', '50752735454948083136', -1632.8, +52483.58);
INSERT INTO web_transaction ("date", description, number, amount, availableBalance) VALUES ('2024-12-23 21:56:26.109136', 'Coffee Shop', '50752735454948083136', -1253.82, +51229.76);
INSERT INTO web_transaction ("date", description, number, amount, availableBalance) VALUES ('2024-12-28 21:56:26.109136', 'Restaurant Madrid', '50752735454948083136', -1895.09, +49334.67);
INSERT INTO web_transaction ("date", description, number, amount, availableBalance) VALUES ('2025-02-09 21:56:26.109136', 'Coffee Shop', '50752735454948083136', -1269.48, +48065.19);
INSERT INTO web_transaction ("date", description, number, amount, availableBalance) VALUES ('2025-02-18 21:56:26.109136', 'Online Shopping', '50752735454948083136', -163.07, +47902.12);
INSERT INTO web_transaction ("date", description, number, amount, availableBalance) VALUES ('2025-03-31 21:56:26.109136', 'Wood Supply', '50752735454948083136', -882.53, +47019.59);
INSERT INTO web_transaction ("date", description, number, amount, availableBalance) VALUES ('2025-04-28 21:56:26.109136', 'Sports Store', '50752735454948083136', -1929.5, +45090.09);
INSERT INTO web_transaction ("date", description, number, amount, availableBalance) VALUES ('2025-05-09 21:56:26.109136', 'Restaurant Madrid', '50752735454948083136', -765.98, +44324.11);
INSERT INTO web_transaction ("date", description, number, amount, availableBalance) VALUES ('2025-07-13 21:56:26.109136', 'Pizza Delivery', '50752735454948083136', -1634.82, +42689.29);
INSERT INTO web_transaction ("date", description, number, amount, availableBalance) VALUES ('2025-07-16 21:56:26.109136', 'Sports Store', '50752735454948083136', -616.27, +42073.02);
INSERT INTO web_transaction ("date", description, number, amount, availableBalance) VALUES ('2025-07-29 21:56:26.109136', 'Grocery Store', '50752735454948083136', -1639.74, +40433.28);
INSERT INTO web_transaction ("date", description, number, amount, availableBalance) VALUES ('2025-08-11 21:56:26.109136', 'Retirement', '50752735454948083136', +7085.47, +47518.75);
INSERT INTO web_transaction ("date", description, number, amount, availableBalance) VALUES ('2025-09-21 21:56:26.109136', 'Bonus', '50752735454948083136', +621.12, +48139.87);
INSERT INTO web_transaction ("date", description, number, amount, availableBalance) VALUES ('2025-10-23 21:56:26.109136', 'Refund', '50752735454948083136', +1855.09, +49994.96);
INSERT INTO web_transaction ("date", description, number, amount, availableBalance) VALUES ('2025-12-16 21:56:26.109136', 'Movie Theater', '50752735454948083136', -1132.06, +48862.9);
INSERT INTO web_transaction ("date", description, number, amount, availableBalance) VALUES ('2024-03-01 21:56:26.109184', 'Sports Store', '77701436349578856855', -696.49, +68283.75);
INSERT INTO web_transaction ("date", description, number, amount, availableBalance) VALUES ('2024-04-20 21:56:26.109184', 'Interest Payment', '77701436349578856855', +4050.85, +72334.6);
INSERT INTO web_transaction ("date", description, number, amount, availableBalance) VALUES ('2024-05-02 21:56:26.109184', 'Pizza Delivery', '77701436349578856855', -837.79, +71496.81);
INSERT INTO web_transaction ("date", description, number, amount, availableBalance) VALUES ('2024-10-16 21:56:26.109184', 'Movie Theater', '77701436349578856855', -179.11, +71317.7);
INSERT INTO web_transaction ("date", description, number, amount, availableBalance) VALUES ('2024-12-20 21:56:26.109184', 'Freelance Income', '77701436349578856855', +1137.54, +72455.24);
INSERT INTO web_transaction ("date", description, number, amount, availableBalance) VALUES ('2025-03-20 21:56:26.109184', 'Freelance Income', '77701436349578856855', +3548.62, +76003.86);
INSERT INTO web_transaction ("date", description, number, amount, availableBalance) VALUES ('2025-03-21 21:56:26.109184', 'Restaurant Madrid', '77701436349578856855', -963.68, +75040.18);
INSERT INTO web_transaction ("date", description, number, amount, availableBalance) VALUES ('2025-04-08 21:56:26.109184', 'Movie Theater', '77701436349578856855', -1841.58, +73198.6);
INSERT INTO web_transaction ("date", description, number, amount, availableBalance) VALUES ('2025-04-20 21:56:26.109184', 'WebHosting', '77701436349578856855', -1931.78, +71266.82);
INSERT INTO web_transaction ("date", description, number, amount, availableBalance) VALUES ('2025-07-11 21:56:26.109184', 'Salary', '77701436349578856855', +1664.32, +72931.14);
INSERT INTO web_transaction ("date", description, number, amount, availableBalance) VALUES ('2025-08-07 21:56:26.109184', 'Online Shopping', '77701436349578856855', -1937.17, +70993.97);
INSERT INTO web_transaction ("date", description, number, amount, availableBalance) VALUES ('2025-09-16 21:56:26.109184', 'Restaurant New York', '77701436349578856855', -1165.23, +69828.74);
INSERT INTO web_transaction ("date", description, number, amount, availableBalance) VALUES ('2025-09-29 21:56:26.109184', 'WebHosting', '77701436349578856855', -788.36, +69040.38);
INSERT INTO web_transaction ("date", description, number, amount, availableBalance) VALUES ('2025-10-24 21:56:26.109184', 'WebHosting', '77701436349578856855', -341.01, +68699.37);
INSERT INTO web_transaction ("date", description, number, amount, availableBalance) VALUES ('2025-12-10 21:56:26.109184', 'Refund', '77701436349578856855', +1589.1, +70288.47);
INSERT INTO web_transaction ("date", description, number, amount, availableBalance) VALUES ('2024-05-24 21:56:26.109250', 'Retirement', '44313518233749894134', +3880.98, +17398.33);
INSERT INTO web_transaction ("date", description, number, amount, availableBalance) VALUES ('2024-07-16 21:56:26.109250', 'Salary', '44313518233749894134', +4145.84, +21544.17);
INSERT INTO web_transaction ("date", description, number, amount, availableBalance) VALUES ('2024-09-05 21:56:26.109250', 'Refund', '44313518233749894134', +3415.86, +24960.03);
INSERT INTO web_transaction ("date", description, number, amount, availableBalance) VALUES ('2024-09-15 21:56:26.109250', 'Coffee Shop', '44313518233749894134', -495.39, +24464.64);
INSERT INTO web_transaction ("date", description, number, amount, availableBalance) VALUES ('2024-09-27 21:56:26.109250', 'Computer Store', '44313518233749894134', -1263.22, +23201.42);
INSERT INTO web_transaction ("date", description, number, amount, availableBalance) VALUES ('2025-02-10 21:56:26.109250', 'Freelance Income', '44313518233749894134', +3635.43, +26836.85);
INSERT INTO web_transaction ("date", description, number, amount, availableBalance) VALUES ('2025-04-23 21:56:26.109250', 'Mobile Phone Store', '44313518233749894134', -1188.48, +25648.37);
INSERT INTO web_transaction ("date", description, number, amount, availableBalance) VALUES ('2025-07-07 21:56:26.109250', 'WebHosting', '44313518233749894134', -1124.1, +24524.27);
INSERT INTO web_transaction ("date", description, number, amount, availableBalance) VALUES ('2025-07-21 21:56:26.109250', 'Restaurant New York', '44313518233749894134', -971.02, +23553.25);
INSERT INTO web_transaction ("date", description, number, amount, availableBalance) VALUES ('2025-12-09 21:56:26.109250', 'Computer Store', '44313518233749894134', -797.21, +22756.04);
INSERT INTO web_transaction ("date", description, number, amount, availableBalance) VALUES ('2025-05-25 21:56:26.109283', 'Restaurant Madrid', '40824008427109477752', -178.66, +103702.37);
INSERT INTO web_transaction ("date", description, number, amount, availableBalance) VALUES ('2025-06-14 21:56:26.109283', 'Restaurant New York', '40824008427109477752', -1389.93, +102312.44);
INSERT INTO web_transaction ("date", description, number, amount, availableBalance) VALUES ('2025-06-19 21:56:26.109283', 'Wood Supply', '40824008427109477752', -617.71, +101694.73);
INSERT INTO web_transaction ("date", description, number, amount, availableBalance) VALUES ('2025-06-21 21:56:26.109283', 'Restaurant Madrid', '40824008427109477752', -773.58, +100921.15);
INSERT INTO web_transaction ("date", description, number, amount, availableBalance) VALUES ('2025-06-21 21:56:26.109283', 'Mobile Phone Store', '40824008427109477752', -584.78, +100336.37);
INSERT INTO web_transaction ("date", description, number, amount, availableBalance) VALUES ('2025-08-17 21:56:26.109283', 'Restaurant Madrid', '40824008427109477752', -353.33, +99983.04);
INSERT INTO web_transaction ("date", description, number, amount, availableBalance) VALUES ('2025-08-31 21:56:26.109283', 'Restaurant New York', '40824008427109477752', -382.05, +99600.99);
INSERT INTO web_transaction ("date", description, number, amount, availableBalance) VALUES ('2025-09-14 21:56:26.109283', 'Restaurant Madrid', '40824008427109477752', -237.32, +99363.67);
INSERT INTO web_transaction ("date", description, number, amount, availableBalance) VALUES ('2025-09-17 21:56:26.109283', 'Mobile Phone Store', '40824008427109477752', -1242.63, +98121.04);
INSERT INTO web_transaction ("date", description, number, amount, availableBalance) VALUES ('2025-09-30 21:56:26.109283', 'Mobile Phone Store', '40824008427109477752', -281.7, +97839.34);
INSERT INTO web_transaction ("date", description, number, amount, availableBalance) VALUES ('2025-10-02 21:56:26.109283', 'Gas Station', '40824008427109477752', -633.67, +97205.67);
INSERT INTO web_transaction ("date", description, number, amount, availableBalance) VALUES ('2025-10-13 21:56:26.109283', 'Restaurant New York', '40824008427109477752', -1309.61, +95896.06);
INSERT INTO web_transaction ("date", description, number, amount, availableBalance) VALUES ('2025-10-18 21:56:26.109283', 'Sports Store', '40824008427109477752', -1026.54, +94869.52);
INSERT INTO web_transaction ("date", description, number, amount, availableBalance) VALUES ('2025-11-23 21:56:26.109283', 'Salary', '40824008427109477752', +1680.59, +96550.11);
INSERT INTO web_transaction ("date", description, number, amount, availableBalance) VALUES ('2024-03-17 21:56:26.109395', 'Pizza Delivery', '11671902294131869993', -1750.87, +83520.97);
INSERT INTO web_transaction ("date", description, number, amount, availableBalance) VALUES ('2024-05-12 21:56:26.109395', 'WebHosting', '11671902294131869993', -1725.78, +81795.19);
INSERT INTO web_transaction ("date", description, number, amount, availableBalance) VALUES ('2024-07-31 21:56:26.109395', 'Restaurant Madrid', '11671902294131869993', -1269.21, +80525.98);
INSERT INTO web_transaction ("date", description, number, amount, availableBalance) VALUES ('2024-08-02 21:56:26.109395', 'Pharmacy', '11671902294131869993', -893.26, +79632.72);
INSERT INTO web_transaction ("date", description, number, amount, availableBalance) VALUES ('2024-09-11 21:56:26.109395', 'Online Shopping', '11671902294131869993', -421.17, +79211.55);
INSERT INTO web_transaction ("date", description, number, amount, availableBalance) VALUES ('2024-09-25 21:56:26.109395', 'Salary', '11671902294131869993', +4081.46, +83293.01);
INSERT INTO web_transaction ("date", description, number, amount, availableBalance) VALUES ('2024-10-12 21:56:26.109395', 'Grocery Store', '11671902294131869993', -1553.51, +81739.5);
INSERT INTO web_transaction ("date", description, number, amount, availableBalance) VALUES ('2024-11-13 21:56:26.109395', 'Grocery Store', '11671902294131869993', -1149.7, +80589.8);
INSERT INTO web_transaction ("date", description, number, amount, availableBalance) VALUES ('2024-11-26 21:56:26.109395', 'Restaurant Madrid', '11671902294131869993', -708.12, +79881.68);
INSERT INTO web_transaction ("date", description, number, amount, availableBalance) VALUES ('2024-12-04 21:56:26.109395', 'Pizza Delivery', '11671902294131869993', -457.44, +79424.24);
INSERT INTO web_transaction ("date", description, number, amount, availableBalance) VALUES ('2025-02-06 21:56:26.109395', 'Coffee Shop', '11671902294131869993', -1179.97, +78244.27);
INSERT INTO web_transaction ("date", description, number, amount, availableBalance) VALUES ('2025-05-09 21:56:26.109395', 'Pet Store', '11671902294131869993', -1522.41, +76721.86);
INSERT INTO web_transaction ("date", description, number, amount, availableBalance) VALUES ('2025-07-04 21:56:26.109395', 'Interest Payment', '11671902294131869993', +3045.43, +79767.29);
INSERT INTO web_transaction ("date", description, number, amount, availableBalance) VALUES ('2025-08-21 21:56:26.109395', 'Pharmacy', '11671902294131869993', -1981.88, +77785.41);
INSERT INTO web_transaction ("date", description, number, amount, availableBalance) VALUES ('2025-12-13 21:56:26.109395', 'Computer Store', '11671902294131869993', -213.81, +77571.6);
INSERT INTO web_transaction ("date", description, number, amount, availableBalance) VALUES ('2025-01-10 21:56:26.109446', 'Mobile Phone Store', '77496499091334123281', -661.31, +28315.89);
INSERT INTO web_transaction ("date", description, number, amount, availableBalance) VALUES ('2025-02-10 21:56:26.109446', 'Coffee Shop', '77496499091334123281', -722.86, +27593.03);
INSERT INTO web_transaction ("date", description, number, amount, availableBalance) VALUES ('2025-02-25 21:56:26.109446', 'Mobile Phone Store', '77496499091334123281', -160.28, +27432.75);
INSERT INTO web_transaction ("date", description, number, amount, availableBalance) VALUES ('2025-03-14 21:56:26.109446', 'Pizza Delivery', '77496499091334123281', -1735.42, +25697.33);
INSERT INTO web_transaction ("date", description, number, amount, availableBalance) VALUES ('2025-06-03 21:56:26.109446', 'Mobile Phone Store', '77496499091334123281', -544.39, +25152.94);
INSERT INTO web_transaction ("date", description, number, amount, availableBalance) VALUES ('2025-06-22 21:56:26.109446', 'Sports Store', '77496499091334123281', -506.86, +24646.08);
INSERT INTO web_transaction ("date", description, number, amount, availableBalance) VALUES ('2025-07-16 21:56:26.109446', 'Coffee Shop', '77496499091334123281', -563.67, +24082.41);
INSERT INTO web_transaction ("date", description, number, amount, availableBalance) VALUES ('2025-07-29 21:56:26.109446', 'Online Shopping', '77496499091334123281', -1688.68, +22393.73);
INSERT INTO web_transaction ("date", description, number, amount, availableBalance) VALUES ('2025-08-07 21:56:26.109446', 'Sports Store', '77496499091334123281', -1925.92, +20467.81);
INSERT INTO web_transaction ("date", description, number, amount, availableBalance) VALUES ('2025-08-16 21:56:26.109446', 'Computer Store', '77496499091334123281', -443.48, +20024.33);
INSERT INTO web_transaction ("date", description, number, amount, availableBalance) VALUES ('2025-08-31 21:56:26.109446', 'Pharmacy', '77496499091334123281', -1468.12, +18556.21);
INSERT INTO web_transaction ("date", description, number, amount, availableBalance) VALUES ('2025-10-29 21:56:26.109446', 'Coffee Shop', '77496499091334123281', -592.34, +17963.87);
INSERT INTO web_transaction ("date", description, number, amount, availableBalance) VALUES ('2025-11-26 21:56:26.109446', 'Restaurant Madrid', '77496499091334123281', -1268.48, +16695.39);
INSERT INTO web_transaction ("date", description, number, amount, availableBalance) VALUES ('2025-12-22 21:56:26.109446', 'Pharmacy', '77496499091334123281', -1033.69, +15661.7);
INSERT INTO web_transaction ("date", description, number, amount, availableBalance) VALUES ('2025-02-17 21:56:26.109494', 'Retirement', '79740344713493618324', +7178.0, +82754.01);
INSERT INTO web_transaction ("date", description, number, amount, availableBalance) VALUES ('2025-02-17 21:56:26.109494', 'Grocery Store', '79740344713493618324', -1410.36, +81343.65);
INSERT INTO web_transaction ("date", description, number, amount, availableBalance) VALUES ('2025-03-13 21:56:26.109494', 'Mobile Phone Store', '79740344713493618324', -1578.72, +79764.93);
INSERT INTO web_transaction ("date", description, number, amount, availableBalance) VALUES ('2025-04-25 21:56:26.109494', 'Computer Store', '79740344713493618324', -412.61, +79352.32);
INSERT INTO web_transaction ("date", description, number, amount, availableBalance) VALUES ('2025-06-12 21:56:26.109494', 'Grocery Store', '79740344713493618324', -274.07, +79078.25);
INSERT INTO web_transaction ("date", description, number, amount, availableBalance) VALUES ('2025-06-16 21:56:26.109494', 'Coffee Shop', '79740344713493618324', -1401.89, +77676.36);
INSERT INTO web_transaction ("date", description, number, amount, availableBalance) VALUES ('2025-07-07 21:56:26.109494', 'Pizza Delivery', '79740344713493618324', -326.37, +77349.99);
INSERT INTO web_transaction ("date", description, number, amount, availableBalance) VALUES ('2025-08-26 21:56:26.109494', 'Refund', '79740344713493618324', +1626.75, +78976.74);
INSERT INTO web_transaction ("date", description, number, amount, availableBalance) VALUES ('2025-09-07 21:56:26.109494', 'Gas Station', '79740344713493618324', -339.39, +78637.35);
INSERT INTO web_transaction ("date", description, number, amount, availableBalance) VALUES ('2025-10-10 21:56:26.109494', 'Freelance Income', '79740344713493618324', +4027.5, +82664.85);
INSERT INTO web_transaction ("date", description, number, amount, availableBalance) VALUES ('2021-08-24 21:56:26.109528', 'Pharmacy', '02499471746488771906', -442.32, +56583.24);
INSERT INTO web_transaction ("date", description, number, amount, availableBalance) VALUES ('2021-11-13 21:56:26.109528', 'Computer Store', '02499471746488771906', -635.86, +55947.38);
INSERT INTO web_transaction ("date", description, number, amount, availableBalance) VALUES ('2022-04-12 21:56:26.109528', 'Mobile Phone Store', '02499471746488771906', -708.86, +55238.52);
INSERT INTO web_transaction ("date", description, number, amount, availableBalance) VALUES ('2022-10-05 21:56:26.109528', 'Refund', '02499471746488771906', +2154.03, +57392.55);
INSERT INTO web_transaction ("date", description, number, amount, availableBalance) VALUES ('2023-03-28 21:56:26.109528', 'Salary', '02499471746488771906', +3153.08, +60545.63);
INSERT INTO web_transaction ("date", description, number, amount, availableBalance) VALUES ('2023-10-06 21:56:26.109528', 'Interest Payment', '02499471746488771906', +3623.14, +64168.77);
INSERT INTO web_transaction ("date", description, number, amount, availableBalance) VALUES ('2024-03-09 21:56:26.109528', 'Gas Station', '02499471746488771906', -177.65, +63991.12);
INSERT INTO web_transaction ("date", description, number, amount, availableBalance) VALUES ('2024-07-03 21:56:26.109528', 'Bonus', '02499471746488771906', +3034.81, +67025.93);
INSERT INTO web_transaction ("date", description, number, amount, availableBalance) VALUES ('2024-07-15 21:56:26.109528', 'Sports Store', '02499471746488771906', -1840.59, +65185.34);
INSERT INTO web_transaction ("date", description, number, amount, availableBalance) VALUES ('2024-11-17 21:56:26.109528', 'Retirement', '02499471746488771906', +9982.07, +75167.41);
INSERT INTO web_transaction ("date", description, number, amount, availableBalance) VALUES ('2025-06-14 21:56:26.109528', 'Coffee Shop', '02499471746488771906', -1219.11, +73948.3);
INSERT INTO web_transaction ("date", description, number, amount, availableBalance) VALUES ('2025-08-08 21:56:26.109528', 'Interest Payment', '02499471746488771906', +901.99, +74850.29);
INSERT INTO web_transaction ("date", description, number, amount, availableBalance) VALUES ('2025-08-31 21:56:26.109528', 'Pet Store', '02499471746488771906', -1394.24, +73456.05);
INSERT INTO web_transaction ("date", description, number, amount, availableBalance) VALUES ('2024-10-22 21:56:26.109572', 'Wood Supply', '01399049027874296717', -994.83, +39110.99);
INSERT INTO web_transaction ("date", description, number, amount, availableBalance) VALUES ('2025-05-23 21:56:26.109572', 'Gas Station', '01399049027874296717', -1191.92, +37919.07);
INSERT INTO web_transaction ("date", description, number, amount, availableBalance) VALUES ('2025-09-12 21:56:26.109572', 'Restaurant Madrid', '01399049027874296717', -1023.95, +36895.12);
INSERT INTO web_transaction ("date", description, number, amount, availableBalance) VALUES ('2025-11-28 21:56:26.109572', 'Gas Station', '01399049027874296717', -118.59, +36776.53);
INSERT INTO web_transaction ("date", description, number, amount, availableBalance) VALUES ('2025-12-17 21:56:26.109572', 'Pet Store', '01399049027874296717', -1973.9, +34802.63);
INSERT INTO web_transaction ("date", description, number, amount, availableBalance) VALUES ('2025-03-20 21:56:26.109590', 'Computer Store', '51256746807154516808', -1177.01, +32527.33);
INSERT INTO web_transaction ("date", description, number, amount, availableBalance) VALUES ('2025-03-24 21:56:26.109590', 'Sports Store', '51256746807154516808', -1527.82, +30999.51);
INSERT INTO web_transaction ("date", description, number, amount, availableBalance) VALUES ('2025-05-05 21:56:26.109590', 'Retirement', '51256746807154516808', +14640.39, +45639.9);
INSERT INTO web_transaction ("date", description, number, amount, availableBalance) VALUES ('2025-06-05 21:56:26.109590', 'Salary', '51256746807154516808', +562.07, +46201.97);
INSERT INTO web_transaction ("date", description, number, amount, availableBalance) VALUES ('2025-06-17 21:56:26.109590', 'Computer Store', '51256746807154516808', -1462.62, +44739.35);
INSERT INTO web_transaction ("date", description, number, amount, availableBalance) VALUES ('2025-07-23 21:56:26.109590', 'Sports Store', '51256746807154516808', -562.16, +44177.19);
INSERT INTO web_transaction ("date", description, number, amount, availableBalance) VALUES ('2025-08-21 21:56:26.109590', 'Pharmacy', '51256746807154516808', -1141.08, +43036.11);
INSERT INTO web_transaction ("date", description, number, amount, availableBalance) VALUES ('2025-09-06 21:56:26.109590', 'Salary', '51256746807154516808', +4769.06, +47805.17);
INSERT INTO web_transaction ("date", description, number, amount, availableBalance) VALUES ('2025-09-15 21:56:26.109590', 'Gas Station', '51256746807154516808', -1428.13, +46377.04);
INSERT INTO web_transaction ("date", description, number, amount, availableBalance) VALUES ('2025-11-16 21:56:26.109590', 'Computer Store', '51256746807154516808', -174.03, +46203.01);
INSERT INTO web_transaction ("date", description, number, amount, availableBalance) VALUES ('2022-05-15 21:56:26.109641', 'Freelance Income', '38597703482477109324', +1117.45, +41051.56);
INSERT INTO web_transaction ("date", description, number, amount, availableBalance) VALUES ('2023-04-16 21:56:26.109641', 'Pizza Delivery', '38597703482477109324', -1335.5, +39716.06);
INSERT INTO web_transaction ("date", description, number, amount, availableBalance) VALUES ('2023-10-04 21:56:26.109641', 'Refund', '38597703482477109324', +2853.52, +42569.58);
INSERT INTO web_transaction ("date", description, number, amount, availableBalance) VALUES ('2023-10-24 21:56:26.109641', 'Retirement', '38597703482477109324', +11496.87, +54066.45);
INSERT INTO web_transaction ("date", description, number, amount, availableBalance) VALUES ('2025-09-26 21:56:26.109641', 'Interest Payment', '38597703482477109324', +1021.94, +55088.39);
INSERT INTO web_transaction ("date", description, number, amount, availableBalance) VALUES ('2025-06-03 21:56:26.109664', 'Pet Store', '13171274846773782639', -97.64, +49636.06);
INSERT INTO web_transaction ("date", description, number, amount, availableBalance) VALUES ('2025-06-16 21:56:26.109664', 'Computer Store', '13171274846773782639', -551.24, +49084.82);
INSERT INTO web_transaction ("date", description, number, amount, availableBalance) VALUES ('2025-06-26 21:56:26.109664', 'Retirement', '13171274846773782639', +4571.63, +53656.45);
INSERT INTO web_transaction ("date", description, number, amount, availableBalance) VALUES ('2025-07-28 21:56:26.109664', 'Gas Station', '13171274846773782639', -1448.33, +52208.12);
INSERT INTO web_transaction ("date", description, number, amount, availableBalance) VALUES ('2025-10-05 21:56:26.109664', 'Restaurant Madrid', '13171274846773782639', -1258.79, +50949.33);
INSERT INTO web_transaction ("date", description, number, amount, availableBalance) VALUES ('2025-10-23 21:56:26.109664', 'WebHosting', '13171274846773782639', -120.32, +50829.01);
INSERT INTO web_transaction ("date", description, number, amount, availableBalance) VALUES ('2025-05-31 21:56:26.109685', 'Pet Store', '14658404499727875588', -1908.62, +44630.22);
INSERT INTO web_transaction ("date", description, number, amount, availableBalance) VALUES ('2025-06-13 21:56:26.109685', 'Grocery Store', '14658404499727875588', -1147.36, +43482.86);
INSERT INTO web_transaction ("date", description, number, amount, availableBalance) VALUES ('2025-06-28 21:56:26.109685', 'Computer Store', '14658404499727875588', -1841.25, +41641.61);
INSERT INTO web_transaction ("date", description, number, amount, availableBalance) VALUES ('2025-07-10 21:56:26.109685', 'Coffee Shop', '14658404499727875588', -1314.85, +40326.76);
INSERT INTO web_transaction ("date", description, number, amount, availableBalance) VALUES ('2025-07-10 21:56:26.109685', 'Movie Theater', '14658404499727875588', -114.82, +40211.94);
INSERT INTO web_transaction ("date", description, number, amount, availableBalance) VALUES ('2025-08-03 21:56:26.109685', 'Computer Store', '14658404499727875588', -1832.55, +38379.39);
INSERT INTO web_transaction ("date", description, number, amount, availableBalance) VALUES ('2025-12-05 21:56:26.109685', 'Pharmacy', '14658404499727875588', -80.37, +38299.02);
INSERT INTO web_transaction ("date", description, number, amount, availableBalance) VALUES ('2025-12-16 21:56:26.109685', 'Pharmacy', '14658404499727875588', -571.79, +37727.23);
INSERT INTO web_transaction ("date", description, number, amount, availableBalance) VALUES ('2024-12-22 21:56:26.109711', 'Pet Store', '33963605766270289517', -1945.39, +7557.22);
INSERT INTO web_transaction ("date", description, number, amount, availableBalance) VALUES ('2025-02-15 21:56:26.109711', 'Restaurant Madrid', '33963605766270289517', -1944.0, +5613.22);
INSERT INTO web_transaction ("date", description, number, amount, availableBalance) VALUES ('2025-02-20 21:56:26.109711', 'Interest Payment', '33963605766270289517', +535.86, +6149.08);
INSERT INTO web_transaction ("date", description, number, amount, availableBalance) VALUES ('2025-04-04 21:56:26.109711', 'Online Shopping', '33963605766270289517', -614.78, +5534.3);
INSERT INTO web_transaction ("date", description, number, amount, availableBalance) VALUES ('2025-04-07 21:56:26.109711', 'Restaurant New York', '33963605766270289517', -1523.36, +4010.94);
INSERT INTO web_transaction ("date", description, number, amount, availableBalance) VALUES ('2025-06-09 21:56:26.109711', 'Freelance Income', '33963605766270289517', +2193.24, +6204.18);
INSERT INTO web_transaction ("date", description, number, amount, availableBalance) VALUES ('2025-07-08 21:56:26.109711', 'Coffee Shop', '33963605766270289517', -1755.63, +4448.55);
INSERT INTO web_transaction ("date", description, number, amount, availableBalance) VALUES ('2025-07-19 21:56:26.109711', 'Interest Payment', '33963605766270289517', +607.6, +5056.15);
INSERT INTO web_transaction ("date", description, number, amount, availableBalance) VALUES ('2025-10-02 21:56:26.109711', 'Bonus', '33963605766270289517', +4924.02, +9980.17);
INSERT INTO web_transaction ("date", description, number, amount, availableBalance) VALUES ('2023-03-16 21:56:26.109744', 'Movie Theater', '02621745961586578091', -751.26, +11982.02);
INSERT INTO web_transaction ("date", description, number, amount, availableBalance) VALUES ('2023-04-28 21:56:26.109744', 'Restaurant Madrid', '02621745961586578091', -226.86, +11755.16);
INSERT INTO web_transaction ("date", description, number, amount, availableBalance) VALUES ('2023-05-29 21:56:26.109744', 'Interest Payment', '02621745961586578091', +1913.15, +13668.31);
INSERT INTO web_transaction ("date", description, number, amount, availableBalance) VALUES ('2023-06-18 21:56:26.109744', 'Bonus', '02621745961586578091', +780.27, +14448.58);
INSERT INTO web_transaction ("date", description, number, amount, availableBalance) VALUES ('2023-06-29 21:56:26.109744', 'Grocery Store', '02621745961586578091', -1887.67, +12560.91);
INSERT INTO web_transaction ("date", description, number, amount, availableBalance) VALUES ('2024-12-06 21:56:26.109744', 'Pizza Delivery', '02621745961586578091', -1703.32, +10857.59);
INSERT INTO web_transaction ("date", description, number, amount, availableBalance) VALUES ('2024-12-09 21:56:26.109744', 'Restaurant New York', '02621745961586578091', -275.69, +10581.9);
INSERT INTO web_transaction ("date", description, number, amount, availableBalance) VALUES ('2025-04-08 21:56:26.109744', 'Coffee Shop', '02621745961586578091', -659.24, +9922.66);
INSERT INTO web_transaction ("date", description, number, amount, availableBalance) VALUES ('2025-08-23 21:56:26.109744', 'Retirement', '02621745961586578091', +13562.02, +23484.68);
INSERT INTO web_transaction ("date", description, number, amount, availableBalance) VALUES ('2024-09-13 21:56:26.109775', 'Pizza Delivery', '31611724005045562386', -1835.68, +51706.37);
INSERT INTO web_transaction ("date", description, number, amount, availableBalance) VALUES ('2024-09-23 21:56:26.109775', 'Interest Payment', '31611724005045562386', +2175.08, +53881.45);
INSERT INTO web_transaction ("date", description, number, amount, availableBalance) VALUES ('2024-11-19 21:56:26.109775', 'Salary', '31611724005045562386', +4117.54, +57998.99);
INSERT INTO web_transaction ("date", description, number, amount, availableBalance) VALUES ('2025-02-04 21:56:26.109775', 'Coffee Shop', '31611724005045562386', -1210.57, +56788.42);
INSERT INTO web_transaction ("date", description, number, amount, availableBalance) VALUES ('2025-02-11 21:56:26.109775', 'Salary', '31611724005045562386', +4236.68, +61025.1);
INSERT INTO web_transaction ("date", description, number, amount, availableBalance) VALUES ('2025-03-10 21:56:26.109775', 'WebHosting', '31611724005045562386', -305.16, +60719.94);
INSERT INTO web_transaction ("date", description, number, amount, availableBalance) VALUES ('2025-03-11 21:56:26.109775', 'Restaurant New York', '31611724005045562386', -1498.68, +59221.26);
INSERT INTO web_transaction ("date", description, number, amount, availableBalance) VALUES ('2025-05-01 21:56:26.109775', 'Computer Store', '31611724005045562386', -1031.78, +58189.48);
INSERT INTO web_transaction ("date", description, number, amount, availableBalance) VALUES ('2025-05-06 21:56:26.109775', 'Grocery Store', '31611724005045562386', -189.94, +57999.54);
INSERT INTO web_transaction ("date", description, number, amount, availableBalance) VALUES ('2025-06-03 21:56:26.109775', 'Grocery Store', '31611724005045562386', -1811.11, +56188.43);
INSERT INTO web_transaction ("date", description, number, amount, availableBalance) VALUES ('2025-08-17 21:56:26.109775', 'Sports Store', '31611724005045562386', -71.85, +56116.58);
INSERT INTO web_transaction ("date", description, number, amount, availableBalance) VALUES ('2025-09-26 21:56:26.109775', 'Salary', '31611724005045562386', +1389.88, +57506.46);
INSERT INTO web_transaction ("date", description, number, amount, availableBalance) VALUES ('2025-10-16 21:56:26.109775', 'Wood Supply', '31611724005045562386', -909.31, +56597.15);
INSERT INTO web_transaction ("date", description, number, amount, availableBalance) VALUES ('2025-05-25 21:56:26.109819', 'Coffee Shop', '22196937923747407482', -796.05, +7150.88);
INSERT INTO web_transaction ("date", description, number, amount, availableBalance) VALUES ('2025-06-25 21:56:26.109819', 'Pizza Delivery', '22196937923747407482', -566.91, +6583.97);
INSERT INTO web_transaction ("date", description, number, amount, availableBalance) VALUES ('2025-07-11 21:56:26.109819', 'Computer Store', '22196937923747407482', -353.89, +6230.08);
INSERT INTO web_transaction ("date", description, number, amount, availableBalance) VALUES ('2025-09-17 21:56:26.109819', 'Computer Store', '22196937923747407482', -1766.73, +4463.35);
INSERT INTO web_transaction ("date", description, number, amount, availableBalance) VALUES ('2025-10-11 21:56:26.109819', 'Pet Store', '22196937923747407482', -344.3, +4119.05);
INSERT INTO web_transaction ("date", description, number, amount, availableBalance) VALUES ('2025-10-30 21:56:26.109819', 'Bonus', '22196937923747407482', +3276.4, +7395.45);
INSERT INTO web_transaction ("date", description, number, amount, availableBalance) VALUES ('2022-11-08 21:56:26.109840', 'Online Shopping', '94647436713695944064', -1091.88, +4336.41);
INSERT INTO web_transaction ("date", description, number, amount, availableBalance) VALUES ('2022-11-22 21:56:26.109840', 'Computer Store', '94647436713695944064', -548.17, +3788.24);
INSERT INTO web_transaction ("date", description, number, amount, availableBalance) VALUES ('2025-06-08 21:56:26.109840', 'Online Shopping', '94647436713695944064', -1429.61, +2358.63);
INSERT INTO web_transaction ("date", description, number, amount, availableBalance) VALUES ('2025-09-10 21:56:26.109840', 'Sports Store', '94647436713695944064', -844.28, +1514.35);
INSERT INTO web_transaction ("date", description, number, amount, availableBalance) VALUES ('2025-12-01 21:56:26.109840', 'Mobile Phone Store', '94647436713695944064', -694.63, +819.72);
INSERT INTO web_transaction ("date", description, number, amount, availableBalance) VALUES ('2025-02-14 21:56:26.109874', 'Pharmacy', '97439533942104709521', -1983.17, +86764.17);
INSERT INTO web_transaction ("date", description, number, amount, availableBalance) VALUES ('2025-03-17 21:56:26.109874', 'Online Shopping', '97439533942104709521', -1172.14, +85592.03);
INSERT INTO web_transaction ("date", description, number, amount, availableBalance) VALUES ('2025-03-21 21:56:26.109874', 'Grocery Store', '97439533942104709521', -503.24, +85088.79);
INSERT INTO web_transaction ("date", description, number, amount, availableBalance) VALUES ('2025-06-04 21:56:26.109874', 'Retirement', '97439533942104709521', +9059.69, +94148.48);
INSERT INTO web_transaction ("date", description, number, amount, availableBalance) VALUES ('2025-07-17 21:56:26.109874', 'Refund', '97439533942104709521', +763.66, +94912.14);
INSERT INTO web_transaction ("date", description, number, amount, availableBalance) VALUES ('2025-07-28 21:56:26.109874', 'Pharmacy', '97439533942104709521', -1976.13, +92936.01);
INSERT INTO web_transaction ("date", description, number, amount, availableBalance) VALUES ('2025-09-02 21:56:26.109874', 'Restaurant Madrid', '97439533942104709521', -1131.58, +91804.43);
INSERT INTO web_transaction ("date", description, number, amount, availableBalance) VALUES ('2025-11-13 21:56:26.109874', 'Movie Theater', '97439533942104709521', -1187.21, +90617.22);
INSERT INTO web_transaction ("date", description, number, amount, availableBalance) VALUES ('2025-11-30 21:56:26.109874', 'Pharmacy', '97439533942104709521', -1584.56, +89032.66);
INSERT INTO web_transaction ("date", description, number, amount, availableBalance) VALUES ('2025-11-30 21:56:26.109874', 'Bonus', '97439533942104709521', +1931.02, +90963.68);
INSERT INTO web_transaction ("date", description, number, amount, availableBalance) VALUES ('2024-08-18 21:56:26.109909', 'Pet Store', '23285884247451712368', -1057.63, +47514.7);
INSERT INTO web_transaction ("date", description, number, amount, availableBalance) VALUES ('2024-10-08 21:56:26.109909', 'Gas Station', '23285884247451712368', -797.24, +46717.46);
INSERT INTO web_transaction ("date", description, number, amount, availableBalance) VALUES ('2024-10-23 21:56:26.109909', 'Restaurant Madrid', '23285884247451712368', -410.91, +46306.55);
INSERT INTO web_transaction ("date", description, number, amount, availableBalance) VALUES ('2024-11-06 21:56:26.109909', 'WebHosting', '23285884247451712368', -281.54, +46025.01);
INSERT INTO web_transaction ("date", description, number, amount, availableBalance) VALUES ('2024-11-15 21:56:26.109909', 'Gas Station', '23285884247451712368', -1182.01, +44843.0);
INSERT INTO web_transaction ("date", description, number, amount, availableBalance) VALUES ('2024-12-15 21:56:26.109909', 'Salary', '23285884247451712368', +906.16, +45749.16);
INSERT INTO web_transaction ("date", description, number, amount, availableBalance) VALUES ('2025-02-25 21:56:26.109909', 'WebHosting', '23285884247451712368', -1921.51, +43827.65);
INSERT INTO web_transaction ("date", description, number, amount, availableBalance) VALUES ('2025-06-14 21:56:26.109909', 'Pet Store', '23285884247451712368', -53.61, +43774.04);
INSERT INTO web_transaction ("date", description, number, amount, availableBalance) VALUES ('2025-09-24 21:56:26.109909', 'Movie Theater', '23285884247451712368', -1858.4, +41915.64);
INSERT INTO web_transaction ("date", description, number, amount, availableBalance) VALUES ('2025-10-24 21:56:26.109909', 'Sports Store', '23285884247451712368', -1838.37, +40077.27);
INSERT INTO web_transaction ("date", description, number, amount, availableBalance) VALUES ('2025-10-25 21:56:26.109909', 'Sports Store', '23285884247451712368', -1550.99, +38526.28);
INSERT INTO web_transaction ("date", description, number, amount, availableBalance) VALUES ('2025-12-22 21:56:26.109909', 'Computer Store', '23285884247451712368', -1585.77, +36940.51);
INSERT INTO web_transaction ("date", description, number, amount, availableBalance) VALUES ('2025-12-26 21:56:26.109909', 'WebHosting', '23285884247451712368', -356.66, +36583.85);
INSERT INTO web_transaction ("date", description, number, amount, availableBalance) VALUES ('2024-09-05 21:56:26.109952', 'Online Shopping', '04817549651370985931', -1930.72, +51545.08);
INSERT INTO web_transaction ("date", description, number, amount, availableBalance) VALUES ('2024-12-05 21:56:26.109952', 'Mobile Phone Store', '04817549651370985931', -32.68, +51512.4);
INSERT INTO web_transaction ("date", description, number, amount, availableBalance) VALUES ('2025-02-13 21:56:26.109952', 'Freelance Income', '04817549651370985931', +850.13, +52362.53);
INSERT INTO web_transaction ("date", description, number, amount, availableBalance) VALUES ('2025-03-08 21:56:26.109952', 'Freelance Income', '04817549651370985931', +4769.14, +57131.67);
INSERT INTO web_transaction ("date", description, number, amount, availableBalance) VALUES ('2025-04-01 21:56:26.109952', 'Salary', '04817549651370985931', +716.66, +57848.33);
INSERT INTO web_transaction ("date", description, number, amount, availableBalance) VALUES ('2025-05-01 21:56:26.109952', 'Restaurant Madrid', '04817549651370985931', -217.18, +57631.15);
INSERT INTO web_transaction ("date", description, number, amount, availableBalance) VALUES ('2025-06-29 21:56:26.109952', 'Refund', '04817549651370985931', +4644.67, +62275.82);
INSERT INTO web_transaction ("date", description, number, amount, availableBalance) VALUES ('2025-08-28 21:56:26.109952', 'Pizza Delivery', '04817549651370985931', -263.42, +62012.4);
INSERT INTO web_transaction ("date", description, number, amount, availableBalance) VALUES ('2025-08-28 21:56:26.109952', 'Freelance Income', '04817549651370985931', +3515.11, +65527.51);
INSERT INTO web_transaction ("date", description, number, amount, availableBalance) VALUES ('2025-09-26 21:56:26.109952', 'Grocery Store', '04817549651370985931', -707.46, +64820.05);
INSERT INTO web_transaction ("date", description, number, amount, availableBalance) VALUES ('2025-12-26 21:56:26.109952', 'Sports Store', '04817549651370985931', -1276.01, +63544.04);
INSERT INTO web_transaction ("date", description, number, amount, availableBalance) VALUES ('2023-02-03 21:56:26.109989', 'Computer Store', '46120047113826758692', -322.64, +94886.22);
INSERT INTO web_transaction ("date", description, number, amount, availableBalance) VALUES ('2023-06-13 21:56:26.109989', 'Coffee Shop', '46120047113826758692', -71.68, +94814.54);
INSERT INTO web_transaction ("date", description, number, amount, availableBalance) VALUES ('2023-06-24 21:56:26.109989', 'Grocery Store', '46120047113826758692', -157.66, +94656.88);
INSERT INTO web_transaction ("date", description, number, amount, availableBalance) VALUES ('2024-02-07 21:56:26.109989', 'Coffee Shop', '46120047113826758692', -1084.85, +93572.03);
INSERT INTO web_transaction ("date", description, number, amount, availableBalance) VALUES ('2024-04-23 21:56:26.109989', 'Salary', '46120047113826758692', +1827.09, +95399.12);
INSERT INTO web_transaction ("date", description, number, amount, availableBalance) VALUES ('2024-06-29 21:56:26.109989', 'Mobile Phone Store', '46120047113826758692', -1764.72, +93634.4);
INSERT INTO web_transaction ("date", description, number, amount, availableBalance) VALUES ('2025-01-20 21:56:26.109989', 'Gas Station', '46120047113826758692', -458.91, +93175.49);
INSERT INTO web_transaction ("date", description, number, amount, availableBalance) VALUES ('2025-08-04 21:56:26.109989', 'Sports Store', '46120047113826758692', -1466.65, +91708.84);
INSERT INTO web_transaction ("date", description, number, amount, availableBalance) VALUES ('2025-08-18 21:56:26.109989', 'Wood Supply', '46120047113826758692', -824.47, +90884.37);
INSERT INTO web_transaction ("date", description, number, amount, availableBalance) VALUES ('2025-10-06 21:56:26.109989', 'Grocery Store', '46120047113826758692', -1659.33, +89225.04);
INSERT INTO web_transaction ("date", description, number, amount, availableBalance) VALUES ('2025-12-18 21:56:26.109989', 'Grocery Store', '46120047113826758692', -682.52, +88542.52);
INSERT INTO web_transaction ("date", description, number, amount, availableBalance) VALUES ('2024-12-13 21:56:26.110026', 'Refund', '17964053773515850643', +517.17, +94715.44);
INSERT INTO web_transaction ("date", description, number, amount, availableBalance) VALUES ('2024-12-28 21:56:26.110026', 'Grocery Store', '17964053773515850643', -952.41, +93763.03);
INSERT INTO web_transaction ("date", description, number, amount, availableBalance) VALUES ('2025-02-01 21:56:26.110026', 'Gas Station', '17964053773515850643', -1092.81, +92670.22);
INSERT INTO web_transaction ("date", description, number, amount, availableBalance) VALUES ('2025-02-22 21:56:26.110026', 'Interest Payment', '17964053773515850643', +2592.76, +95262.98);
INSERT INTO web_transaction ("date", description, number, amount, availableBalance) VALUES ('2025-06-15 21:56:26.110026', 'Computer Store', '17964053773515850643', -745.11, +94517.87);
INSERT INTO web_transaction ("date", description, number, amount, availableBalance) VALUES ('2025-07-02 21:56:26.110026', 'Gas Station', '17964053773515850643', -1253.93, +93263.94);
INSERT INTO web_transaction ("date", description, number, amount, availableBalance) VALUES ('2025-07-08 21:56:26.110026', 'Interest Payment', '17964053773515850643', +3072.96, +96336.9);
INSERT INTO web_transaction ("date", description, number, amount, availableBalance) VALUES ('2025-09-21 21:56:26.110026', 'Salary', '17964053773515850643', +1431.29, +97768.19);
INSERT INTO web_transaction ("date", description, number, amount, availableBalance) VALUES ('2025-10-03 21:56:26.110026', 'Computer Store', '17964053773515850643', -947.18, +96821.01);
INSERT INTO web_transaction ("date", description, number, amount, availableBalance) VALUES ('2025-05-19 21:56:26.110056', 'Freelance Income', '39005329318393352904', +3503.61, +92772.28);
INSERT INTO web_transaction ("date", description, number, amount, availableBalance) VALUES ('2025-06-04 21:56:26.110056', 'Gas Station', '39005329318393352904', -1965.68, +90806.6);
INSERT INTO web_transaction ("date", description, number, amount, availableBalance) VALUES ('2025-06-09 21:56:26.110056', 'Interest Payment', '39005329318393352904', +1277.96, +92084.56);
INSERT INTO web_transaction ("date", description, number, amount, availableBalance) VALUES ('2025-06-27 21:56:26.110056', 'Mobile Phone Store', '39005329318393352904', -1149.7, +90934.86);
INSERT INTO web_transaction ("date", description, number, amount, availableBalance) VALUES ('2025-08-05 21:56:26.110056', 'Restaurant New York', '39005329318393352904', -131.36, +90803.5);
INSERT INTO web_transaction ("date", description, number, amount, availableBalance) VALUES ('2025-09-07 21:56:26.110056', 'Restaurant New York', '39005329318393352904', -1146.73, +89656.77);
INSERT INTO web_transaction ("date", description, number, amount, availableBalance) VALUES ('2025-10-20 21:56:26.110056', 'Computer Store', '39005329318393352904', -1931.6, +87725.17);
INSERT INTO web_transaction ("date", description, number, amount, availableBalance) VALUES ('2025-11-07 21:56:26.110056', 'Online Shopping', '39005329318393352904', -1087.48, +86637.69);
INSERT INTO web_transaction ("date", description, number, amount, availableBalance) VALUES ('2025-12-02 21:56:26.110056', 'Grocery Store', '39005329318393352904', -795.66, +85842.03);
INSERT INTO web_transaction ("date", description, number, amount, availableBalance) VALUES ('2024-12-21 21:56:26.110086', 'Restaurant New York', '84210205395024026811', -921.73, +47159.27);
INSERT INTO web_transaction ("date", description, number, amount, availableBalance) VALUES ('2025-01-18 21:56:26.110086', 'Movie Theater', '84210205395024026811', -1456.93, +45702.34);
INSERT INTO web_transaction ("date", description, number, amount, availableBalance) VALUES ('2025-05-30 21:56:26.110086', 'Bonus', '84210205395024026811', +2288.1, +47990.44);
INSERT INTO web_transaction ("date", description, number, amount, availableBalance) VALUES ('2025-07-17 21:56:26.110086', 'Restaurant Madrid', '84210205395024026811', -1179.28, +46811.16);
INSERT INTO web_transaction ("date", description, number, amount, availableBalance) VALUES ('2025-09-29 21:56:26.110086', 'Grocery Store', '84210205395024026811', -1850.61, +44960.55);
INSERT INTO web_transaction ("date", description, number, amount, availableBalance) VALUES ('2025-10-12 21:56:26.110086', 'Retirement', '84210205395024026811', +3074.8, +48035.35);
INSERT INTO web_transaction ("date", description, number, amount, availableBalance) VALUES ('2025-10-15 21:56:26.110086', 'Pharmacy', '84210205395024026811', -1258.18, +46777.17);
INSERT INTO web_transaction ("date", description, number, amount, availableBalance) VALUES ('2025-11-29 21:56:26.110086', 'Interest Payment', '84210205395024026811', +852.66, +47629.83);
INSERT INTO web_transaction ("date", description, number, amount, availableBalance) VALUES ('2024-09-30 21:56:26.110115', 'Gas Station', '89178390847007661771', -1390.39, +88182.27);
INSERT INTO web_transaction ("date", description, number, amount, availableBalance) VALUES ('2024-11-23 21:56:26.110115', 'Sports Store', '89178390847007661771', -558.07, +87624.2);
INSERT INTO web_transaction ("date", description, number, amount, availableBalance) VALUES ('2025-01-10 21:56:26.110115', 'Movie Theater', '89178390847007661771', -669.67, +86954.53);
INSERT INTO web_transaction ("date", description, number, amount, availableBalance) VALUES ('2025-04-09 21:56:26.110115', 'Movie Theater', '89178390847007661771', -694.3, +86260.23);
INSERT INTO web_transaction ("date", description, number, amount, availableBalance) VALUES ('2025-07-19 21:56:26.110115', 'Gas Station', '89178390847007661771', -976.31, +85283.92);
INSERT INTO web_transaction ("date", description, number, amount, availableBalance) VALUES ('2025-12-14 21:56:26.110115', 'Interest Payment', '89178390847007661771', +4643.76, +89927.68);
