INSERT INTO web_account (username, name, surname, password) VALUES ('guillaume', 'Guillaume', 'Bourbonnais', 'timinou');
INSERT INTO web_account (username, name, surname, password) VALUES ('monique', 'Monique', 'Lefebvre', 'trustno1');
INSERT INTO web_account (username, name, surname, password) VALUES ('benjamin', 'Benjamin', 'Cormier', '12345678');
INSERT INTO web_account (username, name, surname, password) VALUES ('théodore', 'Théodore', 'Bolduc', 'password');
INSERT INTO web_account (username, name, surname, password) VALUES ('philippe', 'Philippe', 'Martel', 'freedom');
INSERT INTO web_account (username, name, surname, password) VALUES ('zoé', 'Zoé', 'Lapointe', 'dragon');
INSERT INTO web_account (username, name, surname, password) VALUES ('pauline', 'Pauline', 'Cormier', 'letmein');
INSERT INTO web_account (username, name, surname, password) VALUES ('julie', 'Julie', 'Cloutier', 'letmein');
INSERT INTO web_account (username, name, surname, password) VALUES ('marguerite', 'Marguerite', 'Carrier', 'qwerty');
INSERT INTO web_account (username, name, surname, password) VALUES ('bernard', 'Bernard', 'Lavoie', 'freedom');
INSERT INTO web_account (username, name, surname, password) VALUES ('gérard', 'Gérard', 'Boudreau', '12345678');
INSERT INTO web_account (username, name, surname, password) VALUES ('raphaël', 'Raphaël', 'Nguyen', 'superman');
INSERT INTO web_account (username, name, surname, password) VALUES ('marianne', 'Marianne', 'Morin', 'freedom');
INSERT INTO web_account (username, name, surname, password) VALUES ('laurence', 'Laurence', 'Savard', 'cheese');
INSERT INTO web_account (username, name, surname, password) VALUES ('thérèse', 'Thérèse', 'Turgeon', 'password1');
INSERT INTO web_account (username, name, surname, password) VALUES ('sophie', 'Sophie', 'Gélinas', '123456');
INSERT INTO web_account (username, name, surname, password) VALUES ('claude', 'Claude', 'Lemieux', '123456789');
INSERT INTO web_account (username, name, surname, password) VALUES ('dominique', 'Dominique', 'Lavallée', 'shadow');
INSERT INTO web_account (username, name, surname, password) VALUES ('thomas', 'Thomas', 'Marcotte', 'password123');
INSERT INTO web_account (username, name, surname, password) VALUES ('alexandre', 'Alexandre', 'Plourde', 'password');

INSERT INTO web_cashaccount (id, number, username, availableBalance, description) VALUES (1, '33890838637940265423', 'guillaume', 95721.74, 'Savings account');
INSERT INTO web_cashaccount (id, number, username, availableBalance, description) VALUES (2, '16155940781618495931', 'monique', 4591.98, 'Checking Account');
INSERT INTO web_cashaccount (id, number, username, availableBalance, description) VALUES (3, '13164752553419283276', 'benjamin', 27002.08, 'Individual Retirement Accounts (IRAs)');
INSERT INTO web_cashaccount (id, number, username, availableBalance, description) VALUES (4, '83503056413953767242', 'benjamin', 24670.28, 'Individual Retirement Accounts (IRAs)');
INSERT INTO web_cashaccount (id, number, username, availableBalance, description) VALUES (5, '84969653287101226916', 'benjamin', 38168.11, 'Savings account');
INSERT INTO web_cashaccount (id, number, username, availableBalance, description) VALUES (6, '80184514627048281489', 'théodore', 19899.12, 'Savings account');
INSERT INTO web_cashaccount (id, number, username, availableBalance, description) VALUES (7, '28809570154303911718', 'théodore', 76585.78, 'Checking Account');
INSERT INTO web_cashaccount (id, number, username, availableBalance, description) VALUES (8, '78248963834657871331', 'théodore', 33815.18, 'Individual Retirement Accounts (IRAs)');
INSERT INTO web_cashaccount (id, number, username, availableBalance, description) VALUES (9, '93010310518347382997', 'philippe', 24307.29, 'Savings account');
INSERT INTO web_cashaccount (id, number, username, availableBalance, description) VALUES (10, '63116566701065133387', 'philippe', 14026.83, 'Checking Account');
INSERT INTO web_cashaccount (id, number, username, availableBalance, description) VALUES (11, '73178108013267736026', 'zoé', 225.52, 'Savings account');
INSERT INTO web_cashaccount (id, number, username, availableBalance, description) VALUES (12, '47468723430980500978', 'zoé', 91939.52, 'Individual Retirement Accounts (IRAs)');
INSERT INTO web_cashaccount (id, number, username, availableBalance, description) VALUES (13, '20812191361939909169', 'zoé', 56527.04, 'Savings account');
INSERT INTO web_cashaccount (id, number, username, availableBalance, description) VALUES (14, '35346247510799118384', 'pauline', 13254.33, 'Savings account');
INSERT INTO web_cashaccount (id, number, username, availableBalance, description) VALUES (15, '13542784980841241182', 'pauline', 27242.1, 'Individual Retirement Accounts (IRAs)');
INSERT INTO web_cashaccount (id, number, username, availableBalance, description) VALUES (16, '35348740164005242786', 'pauline', 56095.08, 'Checking Account');
INSERT INTO web_cashaccount (id, number, username, availableBalance, description) VALUES (17, '28059826204505331586', 'julie', 97383.96, 'Individual Retirement Accounts (IRAs)');
INSERT INTO web_cashaccount (id, number, username, availableBalance, description) VALUES (18, '32260256342160733754', 'marguerite', 82055.43, 'Checking Account');
INSERT INTO web_cashaccount (id, number, username, availableBalance, description) VALUES (19, '30365414586850142940', 'marguerite', 10849.17, 'Savings account');
INSERT INTO web_cashaccount (id, number, username, availableBalance, description) VALUES (20, '56981693406088356159', 'bernard', 31398.43, 'Checking Account');
INSERT INTO web_cashaccount (id, number, username, availableBalance, description) VALUES (21, '48465648236629946804', 'bernard', 28698.5, 'Savings account');
INSERT INTO web_cashaccount (id, number, username, availableBalance, description) VALUES (22, '99577738721489513433', 'bernard', 14743.92, 'Checking Account');
INSERT INTO web_cashaccount (id, number, username, availableBalance, description) VALUES (23, '79176936763201632870', 'gérard', 55745.01, 'Checking Account');
INSERT INTO web_cashaccount (id, number, username, availableBalance, description) VALUES (24, '72788957986872774348', 'gérard', 48464.86, 'Checking Account');
INSERT INTO web_cashaccount (id, number, username, availableBalance, description) VALUES (25, '71434558122362316658', 'raphaël', 46597.77, 'Checking Account');
INSERT INTO web_cashaccount (id, number, username, availableBalance, description) VALUES (26, '36690967054668893734', 'raphaël', 43589.24, 'Checking Account');
INSERT INTO web_cashaccount (id, number, username, availableBalance, description) VALUES (27, '65627298069901627204', 'raphaël', 37916.6, 'Checking Account');
INSERT INTO web_cashaccount (id, number, username, availableBalance, description) VALUES (28, '55646417080531003309', 'marianne', 15246.71, 'Checking Account');
INSERT INTO web_cashaccount (id, number, username, availableBalance, description) VALUES (29, '71937452991241904966', 'marianne', 94147.65, 'Checking Account');
INSERT INTO web_cashaccount (id, number, username, availableBalance, description) VALUES (30, '19314919058651850671', 'marianne', 43358.0, 'Savings account');
INSERT INTO web_cashaccount (id, number, username, availableBalance, description) VALUES (31, '72628498776945314737', 'marianne', 56989.27, 'Individual Retirement Accounts (IRAs)');
INSERT INTO web_cashaccount (id, number, username, availableBalance, description) VALUES (32, '50752735454948083136', 'laurence', 48862.9, 'Checking Account');
INSERT INTO web_cashaccount (id, number, username, availableBalance, description) VALUES (33, '77701436349578856855', 'laurence', 70288.47, 'Savings account');
INSERT INTO web_cashaccount (id, number, username, availableBalance, description) VALUES (34, '44313518233749894134', 'laurence', 22756.04, 'Checking Account');
INSERT INTO web_cashaccount (id, number, username, availableBalance, description) VALUES (35, '40824008427109477752', 'laurence', 96550.11, 'Savings account');
INSERT INTO web_cashaccount (id, number, username, availableBalance, description) VALUES (36, '11671902294131869993', 'thérèse', 77571.6, 'Savings account');
INSERT INTO web_cashaccount (id, number, username, availableBalance, description) VALUES (37, '77496499091334123281', 'thérèse', 15661.7, 'Savings account');
INSERT INTO web_cashaccount (id, number, username, availableBalance, description) VALUES (38, '79740344713493618324', 'thérèse', 82664.85, 'Checking Account');
INSERT INTO web_cashaccount (id, number, username, availableBalance, description) VALUES (39, '02499471746488771906', 'thérèse', 73456.05, 'Individual Retirement Accounts (IRAs)');
INSERT INTO web_cashaccount (id, number, username, availableBalance, description) VALUES (40, '01399049027874296717', 'sophie', 34802.63, 'Savings account');
INSERT INTO web_cashaccount (id, number, username, availableBalance, description) VALUES (41, '51256746807154516808', 'sophie', 46203.01, 'Checking Account');
INSERT INTO web_cashaccount (id, number, username, availableBalance, description) VALUES (42, '38597703482477109324', 'sophie', 55088.39, 'Individual Retirement Accounts (IRAs)');
INSERT INTO web_cashaccount (id, number, username, availableBalance, description) VALUES (43, '13171274846773782639', 'claude', 50829.01, 'Checking Account');
INSERT INTO web_cashaccount (id, number, username, availableBalance, description) VALUES (44, '14658404499727875588', 'claude', 37727.23, 'Savings account');
INSERT INTO web_cashaccount (id, number, username, availableBalance, description) VALUES (45, '33963605766270289517', 'claude', 9980.17, 'Savings account');
INSERT INTO web_cashaccount (id, number, username, availableBalance, description) VALUES (46, '02621745961586578091', 'claude', 23484.68, 'Individual Retirement Accounts (IRAs)');
INSERT INTO web_cashaccount (id, number, username, availableBalance, description) VALUES (47, '31611724005045562386', 'dominique', 56597.15, 'Checking Account');
INSERT INTO web_cashaccount (id, number, username, availableBalance, description) VALUES (48, '22196937923747407482', 'dominique', 7395.45, 'Savings account');
INSERT INTO web_cashaccount (id, number, username, availableBalance, description) VALUES (49, '94647436713695944064', 'dominique', 819.72, 'Individual Retirement Accounts (IRAs)');
INSERT INTO web_cashaccount (id, number, username, availableBalance, description) VALUES (50, '97439533942104709521', 'thomas', 90963.68, 'Savings account');
INSERT INTO web_cashaccount (id, number, username, availableBalance, description) VALUES (51, '23285884247451712368', 'alexandre', 36583.85, 'Savings account');
INSERT INTO web_cashaccount (id, number, username, availableBalance, description) VALUES (52, '04817549651370985931', 'alexandre', 63544.04, 'Savings account');
INSERT INTO web_cashaccount (id, number, username, availableBalance, description) VALUES (53, '46120047113826758692', 'alexandre', 88542.52, 'Individual Retirement Accounts (IRAs)');
INSERT INTO web_cashaccount (id, number, username, availableBalance, description) VALUES (54, '17964053773515850643', 'alexandre', 96821.01, 'Savings account');

INSERT INTO web_creditaccount (id, number, username, description, availableBalance, cashAccountId) VALUES (1, '4140 4394 4538 4817', 'philippe', 'MasterCard', 14026.83, 10);
INSERT INTO web_creditaccount (id, number, username, description, availableBalance, cashAccountId) VALUES (2, '5585 3417 1046 5542', 'bernard', 'Visa Electron', 14743.92, 22);
INSERT INTO web_creditaccount (id, number, username, description, availableBalance, cashAccountId) VALUES (3, '4266 9850 5106 3858', 'monique', 'Visa Gold', 4591.98, 2);
INSERT INTO web_creditaccount (id, number, username, description, availableBalance, cashAccountId) VALUES (4, '5353 1422 3159 1243', 'théodore', 'MasterCard', 76585.78, 7);
INSERT INTO web_creditaccount (id, number, username, description, availableBalance, cashAccountId) VALUES (5, '5617 4898 6304 1258', 'raphaël', 'Visa Electron', 43589.24, 26);
INSERT INTO web_creditaccount (id, number, username, description, availableBalance, cashAccountId) VALUES (6, '4543 1858 3076 7897', 'pauline', 'Visa Gold', 56095.08, 16);
INSERT INTO web_creditaccount (id, number, username, description, availableBalance, cashAccountId) VALUES (7, '5527 2041 8802 8344', 'dominique', 'MasterCard', 56597.15, 47);
INSERT INTO web_creditaccount (id, number, username, description, availableBalance, cashAccountId) VALUES (8, '5051 2786 8405 9254', 'marianne', 'Visa Electron', 15246.71, 28);
INSERT INTO web_creditaccount (id, number, username, description, availableBalance, cashAccountId) VALUES (9, '5936 1710 9543 5941', 'raphaël', 'AmEx Gold', 46597.77, 25);
INSERT INTO web_creditaccount (id, number, username, description, availableBalance, cashAccountId) VALUES (10, '5317 1510 1996 8847', 'laurence', 'AmEx Gold', 48862.9, 32);

INSERT INTO web_transaction ("date", description, number, amount, availableBalance) VALUES ('2025-04-22 22:01:28.409982', 'Movie Theater', '33890838637940265423', -892.69, +103088.29);
INSERT INTO web_transaction ("date", description, number, amount, availableBalance) VALUES ('2025-04-30 22:01:28.409982', 'Salary', '33890838637940265423', +919.54, +104007.83);
INSERT INTO web_transaction ("date", description, number, amount, availableBalance) VALUES ('2025-05-09 22:01:28.409982', 'Computer Store', '33890838637940265423', -207.37, +103800.46);
INSERT INTO web_transaction ("date", description, number, amount, availableBalance) VALUES ('2025-07-06 22:01:28.409982', 'Wood Supply', '33890838637940265423', -865.84, +102934.62);
INSERT INTO web_transaction ("date", description, number, amount, availableBalance) VALUES ('2025-07-20 22:01:28.409982', 'WebHosting', '33890838637940265423', -859.26, +102075.36);
INSERT INTO web_transaction ("date", description, number, amount, availableBalance) VALUES ('2025-07-30 22:01:28.409982', 'Sports Store', '33890838637940265423', -140.71, +101934.65);
INSERT INTO web_transaction ("date", description, number, amount, availableBalance) VALUES ('2025-08-25 22:01:28.409982', 'Restaurant Madrid', '33890838637940265423', -1101.23, +100833.42);
INSERT INTO web_transaction ("date", description, number, amount, availableBalance) VALUES ('2025-10-10 22:01:28.409982', 'Pharmacy', '33890838637940265423', -912.46, +99920.96);
INSERT INTO web_transaction ("date", description, number, amount, availableBalance) VALUES ('2025-10-30 22:01:28.409982', 'Restaurant Madrid', '33890838637940265423', -1065.81, +98855.15);
INSERT INTO web_transaction ("date", description, number, amount, availableBalance) VALUES ('2025-11-09 22:01:28.409982', 'Sports Store', '33890838637940265423', -1376.77, +97478.38);
INSERT INTO web_transaction ("date", description, number, amount, availableBalance) VALUES ('2025-12-19 22:01:28.409982', 'Gas Station', '33890838637940265423', -1756.64, +95721.74);
INSERT INTO web_transaction ("date", description, number, amount, availableBalance) VALUES ('2025-04-13 22:01:28.410061', 'Gas Station', '16155940781618495931', -969.56, +2619.62);
INSERT INTO web_transaction ("date", description, number, amount, availableBalance) VALUES ('2025-07-03 22:01:28.410061', 'Freelance Income', '16155940781618495931', +4232.57, +6852.19);
INSERT INTO web_transaction ("date", description, number, amount, availableBalance) VALUES ('2025-07-09 22:01:28.410061', 'Restaurant New York', '16155940781618495931', -741.45, +6110.74);
INSERT INTO web_transaction ("date", description, number, amount, availableBalance) VALUES ('2025-07-14 22:01:28.410061', 'Coffee Shop', '16155940781618495931', -112.38, +5998.36);
INSERT INTO web_transaction ("date", description, number, amount, availableBalance) VALUES ('2025-07-25 22:01:28.410061', 'Refund', '16155940781618495931', +3662.14, +9660.5);
INSERT INTO web_transaction ("date", description, number, amount, availableBalance) VALUES ('2025-09-21 22:01:28.410061', 'Grocery Store', '16155940781618495931', -827.51, +8832.99);
INSERT INTO web_transaction ("date", description, number, amount, availableBalance) VALUES ('2025-11-03 22:01:28.410061', 'WebHosting', '16155940781618495931', -216.17, +8616.82);
INSERT INTO web_transaction ("date", description, number, amount, availableBalance) VALUES ('2025-11-29 22:01:28.410061', 'Pharmacy', '16155940781618495931', -1247.23, +7369.59);
INSERT INTO web_transaction ("date", description, number, amount, availableBalance) VALUES ('2025-12-01 22:01:28.410061', 'Restaurant Madrid', '16155940781618495931', -1913.68, +5455.91);
INSERT INTO web_transaction ("date", description, number, amount, availableBalance) VALUES ('2025-12-01 22:01:28.410061', 'Online Shopping', '16155940781618495931', -863.93, +4591.98);
INSERT INTO web_transaction ("date", description, number, amount, availableBalance) VALUES ('2022-03-06 22:01:28.410121', 'Freelance Income', '13164752553419283276', +3349.27, +19176.82);
INSERT INTO web_transaction ("date", description, number, amount, availableBalance) VALUES ('2022-04-20 22:01:28.410121', 'Restaurant Madrid', '13164752553419283276', -1196.49, +17980.33);
INSERT INTO web_transaction ("date", description, number, amount, availableBalance) VALUES ('2022-06-19 22:01:28.410121', 'Bonus', '13164752553419283276', +723.93, +18704.26);
INSERT INTO web_transaction ("date", description, number, amount, availableBalance) VALUES ('2023-09-26 22:01:28.410121', 'Mobile Phone Store', '13164752553419283276', -1058.6, +17645.66);
INSERT INTO web_transaction ("date", description, number, amount, availableBalance) VALUES ('2023-10-29 22:01:28.410121', 'Sports Store', '13164752553419283276', -746.41, +16899.25);
INSERT INTO web_transaction ("date", description, number, amount, availableBalance) VALUES ('2024-04-02 22:01:28.410121', 'Retirement', '13164752553419283276', +8928.5, +25827.75);
INSERT INTO web_transaction ("date", description, number, amount, availableBalance) VALUES ('2024-05-11 22:01:28.410121', 'Bonus', '13164752553419283276', +1468.1, +27295.85);
INSERT INTO web_transaction ("date", description, number, amount, availableBalance) VALUES ('2024-11-17 22:01:28.410121', 'Pizza Delivery', '13164752553419283276', -438.98, +26856.87);
INSERT INTO web_transaction ("date", description, number, amount, availableBalance) VALUES ('2025-05-30 22:01:28.410121', 'Gas Station', '13164752553419283276', -853.79, +26003.08);
INSERT INTO web_transaction ("date", description, number, amount, availableBalance) VALUES ('2025-10-22 22:01:28.410121', 'Interest Payment', '13164752553419283276', +999.0, +27002.08);
INSERT INTO web_transaction ("date", description, number, amount, availableBalance) VALUES ('2023-07-09 22:01:28.410166', 'Restaurant Madrid', '83503056413953767242', -119.02, +24675.49);
INSERT INTO web_transaction ("date", description, number, amount, availableBalance) VALUES ('2023-08-31 22:01:28.410166', 'Interest Payment', '83503056413953767242', +2896.62, +27572.11);
INSERT INTO web_transaction ("date", description, number, amount, availableBalance) VALUES ('2023-10-22 22:01:28.410166', 'Wood Supply', '83503056413953767242', -1537.03, +26035.08);
INSERT INTO web_transaction ("date", description, number, amount, availableBalance) VALUES ('2024-05-11 22:01:28.410166', 'Pharmacy', '83503056413953767242', -1339.42, +24695.66);
INSERT INTO web_transaction ("date", description, number, amount, availableBalance) VALUES ('2024-10-14 22:01:28.410166', 'Grocery Store', '83503056413953767242', -25.38, +24670.28);
INSERT INTO web_transaction ("date", description, number, amount, availableBalance) VALUES ('2024-11-11 22:01:28.410186', 'Salary', '84969653287101226916', +4847.9, +40293.73);
INSERT INTO web_transaction ("date", description, number, amount, availableBalance) VALUES ('2025-03-12 22:01:28.410186', 'Coffee Shop', '84969653287101226916', -1283.88, +39009.85);
INSERT INTO web_transaction ("date", description, number, amount, availableBalance) VALUES ('2025-05-25 22:01:28.410186', 'Restaurant Madrid', '84969653287101226916', -925.59, +38084.26);
INSERT INTO web_transaction ("date", description, number, amount, availableBalance) VALUES ('2025-07-04 22:01:28.410186', 'Salary', '84969653287101226916', +1594.92, +39679.18);
INSERT INTO web_transaction ("date", description, number, amount, availableBalance) VALUES ('2025-08-02 22:01:28.410186', 'Pharmacy', '84969653287101226916', -632.99, +39046.19);
INSERT INTO web_transaction ("date", description, number, amount, availableBalance) VALUES ('2025-09-02 22:01:28.410186', 'Pet Store', '84969653287101226916', -878.08, +38168.11);
INSERT INTO web_transaction ("date", description, number, amount, availableBalance) VALUES ('2025-05-19 22:01:28.410215', 'Online Shopping', '80184514627048281489', -1520.71, +18764.83);
INSERT INTO web_transaction ("date", description, number, amount, availableBalance) VALUES ('2025-06-08 22:01:28.410215', 'Sports Store', '80184514627048281489', -161.99, +18602.84);
INSERT INTO web_transaction ("date", description, number, amount, availableBalance) VALUES ('2025-06-25 22:01:28.410215', 'Pharmacy', '80184514627048281489', -1294.43, +17308.41);
INSERT INTO web_transaction ("date", description, number, amount, availableBalance) VALUES ('2025-07-08 22:01:28.410215', 'Sports Store', '80184514627048281489', -519.38, +16789.03);
INSERT INTO web_transaction ("date", description, number, amount, availableBalance) VALUES ('2025-08-02 22:01:28.410215', 'Pizza Delivery', '80184514627048281489', -1494.15, +15294.88);
INSERT INTO web_transaction ("date", description, number, amount, availableBalance) VALUES ('2025-08-29 22:01:28.410215', 'Interest Payment', '80184514627048281489', +3341.23, +18636.11);
INSERT INTO web_transaction ("date", description, number, amount, availableBalance) VALUES ('2025-09-04 22:01:28.410215', 'Pet Store', '80184514627048281489', -123.21, +18512.9);
INSERT INTO web_transaction ("date", description, number, amount, availableBalance) VALUES ('2025-09-16 22:01:28.410215', 'WebHosting', '80184514627048281489', -1019.6, +17493.3);
INSERT INTO web_transaction ("date", description, number, amount, availableBalance) VALUES ('2025-09-23 22:01:28.410215', 'Movie Theater', '80184514627048281489', -1133.34, +16359.96);
INSERT INTO web_transaction ("date", description, number, amount, availableBalance) VALUES ('2025-10-06 22:01:28.410215', 'Wood Supply', '80184514627048281489', -1812.79, +14547.17);
INSERT INTO web_transaction ("date", description, number, amount, availableBalance) VALUES ('2025-11-22 22:01:28.410215', 'Gas Station', '80184514627048281489', -639.12, +13908.05);
INSERT INTO web_transaction ("date", description, number, amount, availableBalance) VALUES ('2025-11-26 22:01:28.410215', 'Freelance Income', '80184514627048281489', +2723.53, +16631.58);
INSERT INTO web_transaction ("date", description, number, amount, availableBalance) VALUES ('2025-12-26 22:01:28.410215', 'Salary', '80184514627048281489', +3267.54, +19899.12);
INSERT INTO web_transaction ("date", description, number, amount, availableBalance) VALUES ('2024-04-25 22:01:28.410287', 'Online Shopping', '28809570154303911718', -1480.45, +80508.2);
INSERT INTO web_transaction ("date", description, number, amount, availableBalance) VALUES ('2024-05-16 22:01:28.410287', 'Mobile Phone Store', '28809570154303911718', -1007.72, +79500.48);
INSERT INTO web_transaction ("date", description, number, amount, availableBalance) VALUES ('2024-09-06 22:01:28.410287', 'Grocery Store', '28809570154303911718', -1014.05, +78486.43);
INSERT INTO web_transaction ("date", description, number, amount, availableBalance) VALUES ('2024-09-22 22:01:28.410287', 'Online Shopping', '28809570154303911718', -1147.6, +77338.83);
INSERT INTO web_transaction ("date", description, number, amount, availableBalance) VALUES ('2025-02-19 22:01:28.410287', 'Pet Store', '28809570154303911718', -1580.56, +75758.27);
INSERT INTO web_transaction ("date", description, number, amount, availableBalance) VALUES ('2025-02-23 22:01:28.410287', 'Computer Store', '28809570154303911718', -823.45, +74934.82);
INSERT INTO web_transaction ("date", description, number, amount, availableBalance) VALUES ('2025-02-28 22:01:28.410287', 'Online Shopping', '28809570154303911718', -1799.26, +73135.56);
INSERT INTO web_transaction ("date", description, number, amount, availableBalance) VALUES ('2025-03-30 22:01:28.410287', 'Restaurant Madrid', '28809570154303911718', -325.9, +72809.66);
INSERT INTO web_transaction ("date", description, number, amount, availableBalance) VALUES ('2025-04-13 22:01:28.410287', 'Salary', '28809570154303911718', +3010.83, +75820.49);
INSERT INTO web_transaction ("date", description, number, amount, availableBalance) VALUES ('2025-06-06 22:01:28.410287', 'Freelance Income', '28809570154303911718', +2469.91, +78290.4);
INSERT INTO web_transaction ("date", description, number, amount, availableBalance) VALUES ('2025-11-21 22:01:28.410287', 'Coffee Shop', '28809570154303911718', -1704.62, +76585.78);
INSERT INTO web_transaction ("date", description, number, amount, availableBalance) VALUES ('2022-10-09 22:01:28.410330', 'Gas Station', '78248963834657871331', -1585.41, +33279.63);
INSERT INTO web_transaction ("date", description, number, amount, availableBalance) VALUES ('2023-01-25 22:01:28.410330', 'Pet Store', '78248963834657871331', -731.57, +32548.06);
INSERT INTO web_transaction ("date", description, number, amount, availableBalance) VALUES ('2023-10-17 22:01:28.410330', 'Freelance Income', '78248963834657871331', +4721.01, +37269.07);
INSERT INTO web_transaction ("date", description, number, amount, availableBalance) VALUES ('2024-01-07 22:01:28.410330', 'Freelance Income', '78248963834657871331', +1136.43, +38405.5);
INSERT INTO web_transaction ("date", description, number, amount, availableBalance) VALUES ('2024-04-02 22:01:28.410330', 'Gas Station', '78248963834657871331', -1399.98, +37005.52);
INSERT INTO web_transaction ("date", description, number, amount, availableBalance) VALUES ('2024-06-06 22:01:28.410330', 'Grocery Store', '78248963834657871331', -1295.59, +35709.93);
INSERT INTO web_transaction ("date", description, number, amount, availableBalance) VALUES ('2025-11-24 22:01:28.410330', 'Pharmacy', '78248963834657871331', -1894.75, +33815.18);
INSERT INTO web_transaction ("date", description, number, amount, availableBalance) VALUES ('2024-08-23 22:01:28.410361', 'Restaurant New York', '93010310518347382997', -1671.89, +24297.73);
INSERT INTO web_transaction ("date", description, number, amount, availableBalance) VALUES ('2024-10-27 22:01:28.410361', 'Refund', '93010310518347382997', +4299.93, +28597.66);
INSERT INTO web_transaction ("date", description, number, amount, availableBalance) VALUES ('2024-11-27 22:01:28.410361', 'Movie Theater', '93010310518347382997', -1534.95, +27062.71);
INSERT INTO web_transaction ("date", description, number, amount, availableBalance) VALUES ('2024-12-03 22:01:28.410361', 'Mobile Phone Store', '93010310518347382997', -392.09, +26670.62);
INSERT INTO web_transaction ("date", description, number, amount, availableBalance) VALUES ('2025-01-01 22:01:28.410361', 'Sports Store', '93010310518347382997', -332.87, +26337.75);
INSERT INTO web_transaction ("date", description, number, amount, availableBalance) VALUES ('2025-03-16 22:01:28.410361', 'Pet Store', '93010310518347382997', -827.61, +25510.14);
INSERT INTO web_transaction ("date", description, number, amount, availableBalance) VALUES ('2025-10-18 22:01:28.410361', 'Restaurant Madrid', '93010310518347382997', -577.01, +24933.13);
INSERT INTO web_transaction ("date", description, number, amount, availableBalance) VALUES ('2025-11-08 22:01:28.410361', 'Wood Supply', '93010310518347382997', -625.84, +24307.29);
INSERT INTO web_transaction ("date", description, number, amount, availableBalance) VALUES ('2024-11-07 22:01:28.410393', 'Sports Store', '63116566701065133387', -1635.61, +8252.07);
INSERT INTO web_transaction ("date", description, number, amount, availableBalance) VALUES ('2024-11-30 22:01:28.410393', 'Pizza Delivery', '63116566701065133387', -176.91, +8075.16);
INSERT INTO web_transaction ("date", description, number, amount, availableBalance) VALUES ('2025-06-11 22:01:28.410393', 'Retirement', '63116566701065133387', +12433.85, +20509.01);
INSERT INTO web_transaction ("date", description, number, amount, availableBalance) VALUES ('2025-07-04 22:01:28.410393', 'Pet Store', '63116566701065133387', -1285.95, +19223.06);
INSERT INTO web_transaction ("date", description, number, amount, availableBalance) VALUES ('2025-09-09 22:01:28.410393', 'Movie Theater', '63116566701065133387', -1031.57, +18191.49);
INSERT INTO web_transaction ("date", description, number, amount, availableBalance) VALUES ('2025-10-04 22:01:28.410393', 'Restaurant Madrid', '63116566701065133387', -1969.04, +16222.45);
INSERT INTO web_transaction ("date", description, number, amount, availableBalance) VALUES ('2025-11-29 22:01:28.410393', 'Grocery Store', '63116566701065133387', -1425.69, +14796.76);
INSERT INTO web_transaction ("date", description, number, amount, availableBalance) VALUES ('2025-12-11 22:01:28.410393', 'Online Shopping', '63116566701065133387', -769.93, +14026.83);
INSERT INTO web_transaction ("date", description, number, amount, availableBalance) VALUES ('2025-03-24 22:01:28.410446', 'WebHosting', '73178108013267736026', -456.83, +1081.26);
INSERT INTO web_transaction ("date", description, number, amount, availableBalance) VALUES ('2025-04-10 22:01:28.410446', 'Pharmacy', '73178108013267736026', -1432.26, -351.0);
INSERT INTO web_transaction ("date", description, number, amount, availableBalance) VALUES ('2025-06-01 22:01:28.410446', 'Bonus', '73178108013267736026', +2182.83, +1831.83);
INSERT INTO web_transaction ("date", description, number, amount, availableBalance) VALUES ('2025-08-25 22:01:28.410446', 'Sports Store', '73178108013267736026', -1520.09, +311.74);
INSERT INTO web_transaction ("date", description, number, amount, availableBalance) VALUES ('2025-08-28 22:01:28.410446', 'Sports Store', '73178108013267736026', -86.22, +225.52);
INSERT INTO web_transaction ("date", description, number, amount, availableBalance) VALUES ('2022-06-22 22:01:28.410467', 'Salary', '47468723430980500978', +585.52, +104858.14);
INSERT INTO web_transaction ("date", description, number, amount, availableBalance) VALUES ('2022-08-06 22:01:28.410467', 'Grocery Store', '47468723430980500978', -1554.58, +103303.56);
INSERT INTO web_transaction ("date", description, number, amount, availableBalance) VALUES ('2022-11-24 22:01:28.410467', 'Wood Supply', '47468723430980500978', -1439.9, +101863.66);
INSERT INTO web_transaction ("date", description, number, amount, availableBalance) VALUES ('2023-05-11 22:01:28.410467', 'Pet Store', '47468723430980500978', -1274.98, +100588.68);
INSERT INTO web_transaction ("date", description, number, amount, availableBalance) VALUES ('2023-06-15 22:01:28.410467', 'Restaurant New York', '47468723430980500978', -1112.76, +99475.92);
INSERT INTO web_transaction ("date", description, number, amount, availableBalance) VALUES ('2024-03-14 22:01:28.410467', 'Gas Station', '47468723430980500978', -1339.75, +98136.17);
INSERT INTO web_transaction ("date", description, number, amount, availableBalance) VALUES ('2024-04-25 22:01:28.410467', 'Grocery Store', '47468723430980500978', -1907.27, +96228.9);
INSERT INTO web_transaction ("date", description, number, amount, availableBalance) VALUES ('2024-06-18 22:01:28.410467', 'Restaurant Madrid', '47468723430980500978', -712.1, +95516.8);
INSERT INTO web_transaction ("date", description, number, amount, availableBalance) VALUES ('2024-09-04 22:01:28.410467', 'Restaurant New York', '47468723430980500978', -1881.05, +93635.75);
INSERT INTO web_transaction ("date", description, number, amount, availableBalance) VALUES ('2024-10-22 22:01:28.410467', 'Restaurant Madrid', '47468723430980500978', -1076.75, +92559.0);
INSERT INTO web_transaction ("date", description, number, amount, availableBalance) VALUES ('2024-11-05 22:01:28.410467', 'Pet Store', '47468723430980500978', -484.49, +92074.51);
INSERT INTO web_transaction ("date", description, number, amount, availableBalance) VALUES ('2025-12-15 22:01:28.410467', 'Mobile Phone Store', '47468723430980500978', -134.99, +91939.52);
INSERT INTO web_transaction ("date", description, number, amount, availableBalance) VALUES ('2025-07-30 22:01:28.410518', 'Coffee Shop', '20812191361939909169', -962.28, +62004.83);
INSERT INTO web_transaction ("date", description, number, amount, availableBalance) VALUES ('2025-08-04 22:01:28.410518', 'Retirement', '20812191361939909169', +1613.29, +63618.12);
INSERT INTO web_transaction ("date", description, number, amount, availableBalance) VALUES ('2025-08-17 22:01:28.410518', 'Pharmacy', '20812191361939909169', -1090.63, +62527.49);
INSERT INTO web_transaction ("date", description, number, amount, availableBalance) VALUES ('2025-10-09 22:01:28.410518', 'Grocery Store', '20812191361939909169', -1434.93, +61092.56);
INSERT INTO web_transaction ("date", description, number, amount, availableBalance) VALUES ('2025-10-23 22:01:28.410518', 'WebHosting', '20812191361939909169', -1867.41, +59225.15);
INSERT INTO web_transaction ("date", description, number, amount, availableBalance) VALUES ('2025-10-31 22:01:28.410518', 'Sports Store', '20812191361939909169', -98.23, +59126.92);
INSERT INTO web_transaction ("date", description, number, amount, availableBalance) VALUES ('2025-12-06 22:01:28.410518', 'Gas Station', '20812191361939909169', -358.43, +58768.49);
INSERT INTO web_transaction ("date", description, number, amount, availableBalance) VALUES ('2025-12-18 22:01:28.410518', 'Grocery Store', '20812191361939909169', -696.16, +58072.33);
INSERT INTO web_transaction ("date", description, number, amount, availableBalance) VALUES ('2025-12-19 22:01:28.410518', 'Grocery Store', '20812191361939909169', -1545.29, +56527.04);
INSERT INTO web_transaction ("date", description, number, amount, availableBalance) VALUES ('2025-01-28 22:01:28.410565', 'Online Shopping', '35346247510799118384', -1043.36, +18301.41);
INSERT INTO web_transaction ("date", description, number, amount, availableBalance) VALUES ('2025-07-02 22:01:28.410565', 'Coffee Shop', '35346247510799118384', -885.08, +17416.33);
INSERT INTO web_transaction ("date", description, number, amount, availableBalance) VALUES ('2025-07-28 22:01:28.410565', 'Grocery Store', '35346247510799118384', -1600.69, +15815.64);
INSERT INTO web_transaction ("date", description, number, amount, availableBalance) VALUES ('2025-08-28 22:01:28.410565', 'Sports Store', '35346247510799118384', -997.44, +14818.2);
INSERT INTO web_transaction ("date", description, number, amount, availableBalance) VALUES ('2025-11-17 22:01:28.410565', 'Pharmacy', '35346247510799118384', -1563.87, +13254.33);
INSERT INTO web_transaction ("date", description, number, amount, availableBalance) VALUES ('2022-12-11 22:01:28.410593', 'Gas Station', '13542784980841241182', -328.37, +24551.51);
INSERT INTO web_transaction ("date", description, number, amount, availableBalance) VALUES ('2023-02-03 22:01:28.410593', 'Computer Store', '13542784980841241182', -556.37, +23995.14);
INSERT INTO web_transaction ("date", description, number, amount, availableBalance) VALUES ('2023-03-15 22:01:28.410593', 'WebHosting', '13542784980841241182', -750.31, +23244.83);
INSERT INTO web_transaction ("date", description, number, amount, availableBalance) VALUES ('2023-08-19 22:01:28.410593', 'Restaurant Madrid', '13542784980841241182', -74.45, +23170.38);
INSERT INTO web_transaction ("date", description, number, amount, availableBalance) VALUES ('2023-09-15 22:01:28.410593', 'Restaurant Madrid', '13542784980841241182', -1438.15, +21732.23);
INSERT INTO web_transaction ("date", description, number, amount, availableBalance) VALUES ('2024-06-01 22:01:28.410593', 'Pharmacy', '13542784980841241182', -369.11, +21363.12);
INSERT INTO web_transaction ("date", description, number, amount, availableBalance) VALUES ('2024-06-05 22:01:28.410593', 'Grocery Store', '13542784980841241182', -662.56, +20700.56);
INSERT INTO web_transaction ("date", description, number, amount, availableBalance) VALUES ('2024-09-30 22:01:28.410593', 'WebHosting', '13542784980841241182', -899.79, +19800.77);
INSERT INTO web_transaction ("date", description, number, amount, availableBalance) VALUES ('2024-10-28 22:01:28.410593', 'Salary', '13542784980841241182', +1561.98, +21362.75);
INSERT INTO web_transaction ("date", description, number, amount, availableBalance) VALUES ('2025-03-24 22:01:28.410593', 'Bonus', '13542784980841241182', +3551.4, +24914.15);
INSERT INTO web_transaction ("date", description, number, amount, availableBalance) VALUES ('2025-08-24 22:01:28.410593', 'Freelance Income', '13542784980841241182', +2327.95, +27242.1);
INSERT INTO web_transaction ("date", description, number, amount, availableBalance) VALUES ('2025-02-23 22:01:28.410636', 'Wood Supply', '35348740164005242786', -1582.84, +65515.14);
INSERT INTO web_transaction ("date", description, number, amount, availableBalance) VALUES ('2025-03-26 22:01:28.410636', 'Freelance Income', '35348740164005242786', +2503.0, +68018.14);
INSERT INTO web_transaction ("date", description, number, amount, availableBalance) VALUES ('2025-04-11 22:01:28.410636', 'Computer Store', '35348740164005242786', -1827.95, +66190.19);
INSERT INTO web_transaction ("date", description, number, amount, availableBalance) VALUES ('2025-05-10 22:01:28.410636', 'Coffee Shop', '35348740164005242786', -1422.03, +64768.16);
INSERT INTO web_transaction ("date", description, number, amount, availableBalance) VALUES ('2025-05-16 22:01:28.410636', 'Grocery Store', '35348740164005242786', -61.57, +64706.59);
INSERT INTO web_transaction ("date", description, number, amount, availableBalance) VALUES ('2025-05-23 22:01:28.410636', 'Restaurant New York', '35348740164005242786', -456.24, +64250.35);
INSERT INTO web_transaction ("date", description, number, amount, availableBalance) VALUES ('2025-05-30 22:01:28.410636', 'Pizza Delivery', '35348740164005242786', -1411.04, +62839.31);
INSERT INTO web_transaction ("date", description, number, amount, availableBalance) VALUES ('2025-07-02 22:01:28.410636', 'Computer Store', '35348740164005242786', -635.63, +62203.68);
INSERT INTO web_transaction ("date", description, number, amount, availableBalance) VALUES ('2025-07-13 22:01:28.410636', 'Restaurant New York', '35348740164005242786', -1088.92, +61114.76);
INSERT INTO web_transaction ("date", description, number, amount, availableBalance) VALUES ('2025-08-06 22:01:28.410636', 'Pharmacy', '35348740164005242786', -1973.28, +59141.48);
INSERT INTO web_transaction ("date", description, number, amount, availableBalance) VALUES ('2025-09-01 22:01:28.410636', 'Salary', '35348740164005242786', +795.87, +59937.35);
INSERT INTO web_transaction ("date", description, number, amount, availableBalance) VALUES ('2025-09-29 22:01:28.410636', 'Sports Store', '35348740164005242786', -1707.12, +58230.23);
INSERT INTO web_transaction ("date", description, number, amount, availableBalance) VALUES ('2025-10-19 22:01:28.410636', 'Pizza Delivery', '35348740164005242786', -1391.02, +56839.21);
INSERT INTO web_transaction ("date", description, number, amount, availableBalance) VALUES ('2025-11-19 22:01:28.410636', 'Restaurant Madrid', '35348740164005242786', -744.13, +56095.08);
INSERT INTO web_transaction ("date", description, number, amount, availableBalance) VALUES ('2021-12-06 22:01:28.410690', 'Computer Store', '28059826204505331586', -1648.45, +98774.5);
INSERT INTO web_transaction ("date", description, number, amount, availableBalance) VALUES ('2022-03-19 22:01:28.410690', 'Movie Theater', '28059826204505331586', -1737.74, +97036.76);
INSERT INTO web_transaction ("date", description, number, amount, availableBalance) VALUES ('2022-03-29 22:01:28.410690', 'Restaurant Madrid', '28059826204505331586', -372.11, +96664.65);
INSERT INTO web_transaction ("date", description, number, amount, availableBalance) VALUES ('2022-08-14 22:01:28.410690', 'Pharmacy', '28059826204505331586', -166.93, +96497.72);
INSERT INTO web_transaction ("date", description, number, amount, availableBalance) VALUES ('2023-04-29 22:01:28.410690', 'Pizza Delivery', '28059826204505331586', -337.67, +96160.05);
INSERT INTO web_transaction ("date", description, number, amount, availableBalance) VALUES ('2024-01-15 22:01:28.410690', 'Refund', '28059826204505331586', +3390.52, +99550.57);
INSERT INTO web_transaction ("date", description, number, amount, availableBalance) VALUES ('2024-06-04 22:01:28.410690', 'Wood Supply', '28059826204505331586', -698.59, +98851.98);
INSERT INTO web_transaction ("date", description, number, amount, availableBalance) VALUES ('2024-09-04 22:01:28.410690', 'Movie Theater', '28059826204505331586', -1214.23, +97637.75);
INSERT INTO web_transaction ("date", description, number, amount, availableBalance) VALUES ('2025-01-08 22:01:28.410690', 'Restaurant New York', '28059826204505331586', -556.16, +97081.59);
INSERT INTO web_transaction ("date", description, number, amount, availableBalance) VALUES ('2025-02-09 22:01:28.410690', 'Restaurant New York', '28059826204505331586', -195.92, +96885.67);
INSERT INTO web_transaction ("date", description, number, amount, availableBalance) VALUES ('2025-03-18 22:01:28.410690', 'Bonus', '28059826204505331586', +1193.87, +98079.54);
INSERT INTO web_transaction ("date", description, number, amount, availableBalance) VALUES ('2025-11-21 22:01:28.410690', 'Restaurant New York', '28059826204505331586', -695.58, +97383.96);
INSERT INTO web_transaction ("date", description, number, amount, availableBalance) VALUES ('2025-06-19 22:01:28.410759', 'Computer Store', '32260256342160733754', -601.89, +81984.54);
INSERT INTO web_transaction ("date", description, number, amount, availableBalance) VALUES ('2025-08-07 22:01:28.410759', 'Freelance Income', '32260256342160733754', +3969.6, +85954.14);
INSERT INTO web_transaction ("date", description, number, amount, availableBalance) VALUES ('2025-10-18 22:01:28.410759', 'Mobile Phone Store', '32260256342160733754', -1779.1, +84175.04);
INSERT INTO web_transaction ("date", description, number, amount, availableBalance) VALUES ('2025-11-06 22:01:28.410759', 'Online Shopping', '32260256342160733754', -1148.55, +83026.49);
INSERT INTO web_transaction ("date", description, number, amount, availableBalance) VALUES ('2025-12-24 22:01:28.410759', 'Pizza Delivery', '32260256342160733754', -971.06, +82055.43);
INSERT INTO web_transaction ("date", description, number, amount, availableBalance) VALUES ('2025-03-15 22:01:28.410782', 'Refund', '30365414586850142940', +2817.41, +14458.88);
INSERT INTO web_transaction ("date", description, number, amount, availableBalance) VALUES ('2025-07-02 22:01:28.410782', 'WebHosting', '30365414586850142940', -1724.36, +12734.52);
INSERT INTO web_transaction ("date", description, number, amount, availableBalance) VALUES ('2025-07-13 22:01:28.410782', 'Mobile Phone Store', '30365414586850142940', -934.24, +11800.28);
INSERT INTO web_transaction ("date", description, number, amount, availableBalance) VALUES ('2025-08-12 22:01:28.410782', 'Pharmacy', '30365414586850142940', -697.29, +11102.99);
INSERT INTO web_transaction ("date", description, number, amount, availableBalance) VALUES ('2025-09-07 22:01:28.410782', 'Mobile Phone Store', '30365414586850142940', -253.82, +10849.17);
INSERT INTO web_transaction ("date", description, number, amount, availableBalance) VALUES ('2025-04-28 22:01:28.410801', 'Coffee Shop', '56981693406088356159', -632.3, +30686.76);
INSERT INTO web_transaction ("date", description, number, amount, availableBalance) VALUES ('2025-07-13 22:01:28.410801', 'Restaurant New York', '56981693406088356159', -938.96, +29747.8);
INSERT INTO web_transaction ("date", description, number, amount, availableBalance) VALUES ('2025-07-23 22:01:28.410801', 'Pharmacy', '56981693406088356159', -1805.6, +27942.2);
INSERT INTO web_transaction ("date", description, number, amount, availableBalance) VALUES ('2025-08-05 22:01:28.410801', 'Wood Supply', '56981693406088356159', -438.14, +27504.06);
INSERT INTO web_transaction ("date", description, number, amount, availableBalance) VALUES ('2025-09-14 22:01:28.410801', 'Pet Store', '56981693406088356159', -1695.87, +25808.19);
INSERT INTO web_transaction ("date", description, number, amount, availableBalance) VALUES ('2025-10-04 22:01:28.410801', 'Refund', '56981693406088356159', +2727.02, +28535.21);
INSERT INTO web_transaction ("date", description, number, amount, availableBalance) VALUES ('2025-10-22 22:01:28.410801', 'Grocery Store', '56981693406088356159', -1891.01, +26644.2);
INSERT INTO web_transaction ("date", description, number, amount, availableBalance) VALUES ('2025-12-18 22:01:28.410801', 'Refund', '56981693406088356159', +4754.23, +31398.43);
INSERT INTO web_transaction ("date", description, number, amount, availableBalance) VALUES ('2024-10-26 22:01:28.410851', 'Online Shopping', '48465648236629946804', -812.48, +34794.56);
INSERT INTO web_transaction ("date", description, number, amount, availableBalance) VALUES ('2024-11-21 22:01:28.410851', 'Grocery Store', '48465648236629946804', -266.04, +34528.52);
INSERT INTO web_transaction ("date", description, number, amount, availableBalance) VALUES ('2025-04-06 22:01:28.410851', 'Restaurant Madrid', '48465648236629946804', -1128.02, +33400.5);
INSERT INTO web_transaction ("date", description, number, amount, availableBalance) VALUES ('2025-05-21 22:01:28.410851', 'Grocery Store', '48465648236629946804', -778.83, +32621.67);
INSERT INTO web_transaction ("date", description, number, amount, availableBalance) VALUES ('2025-07-15 22:01:28.410851', 'Online Shopping', '48465648236629946804', -1973.71, +30647.96);
INSERT INTO web_transaction ("date", description, number, amount, availableBalance) VALUES ('2025-08-07 22:01:28.410851', 'Online Shopping', '48465648236629946804', -297.09, +30350.87);
INSERT INTO web_transaction ("date", description, number, amount, availableBalance) VALUES ('2025-08-18 22:01:28.410851', 'Pizza Delivery', '48465648236629946804', -1652.37, +28698.5);
INSERT INTO web_transaction ("date", description, number, amount, availableBalance) VALUES ('2024-06-11 22:01:28.410896', 'Computer Store', '99577738721489513433', -1171.57, +20597.15);
INSERT INTO web_transaction ("date", description, number, amount, availableBalance) VALUES ('2024-11-05 22:01:28.410896', 'Pet Store', '99577738721489513433', -1171.21, +19425.94);
INSERT INTO web_transaction ("date", description, number, amount, availableBalance) VALUES ('2024-12-09 22:01:28.410896', 'Sports Store', '99577738721489513433', -831.79, +18594.15);
INSERT INTO web_transaction ("date", description, number, amount, availableBalance) VALUES ('2025-04-19 22:01:28.410896', 'Pharmacy', '99577738721489513433', -43.11, +18551.04);
INSERT INTO web_transaction ("date", description, number, amount, availableBalance) VALUES ('2025-04-21 22:01:28.410896', 'Pet Store', '99577738721489513433', -87.44, +18463.6);
INSERT INTO web_transaction ("date", description, number, amount, availableBalance) VALUES ('2025-04-24 22:01:28.410896', 'Coffee Shop', '99577738721489513433', -1686.78, +16776.82);
INSERT INTO web_transaction ("date", description, number, amount, availableBalance) VALUES ('2025-06-08 22:01:28.410896', 'Coffee Shop', '99577738721489513433', -1243.27, +15533.55);
INSERT INTO web_transaction ("date", description, number, amount, availableBalance) VALUES ('2025-06-21 22:01:28.410896', 'Bonus', '99577738721489513433', +1933.39, +17466.94);
INSERT INTO web_transaction ("date", description, number, amount, availableBalance) VALUES ('2025-08-09 22:01:28.410896', 'Grocery Store', '99577738721489513433', -389.66, +17077.28);
INSERT INTO web_transaction ("date", description, number, amount, availableBalance) VALUES ('2025-10-24 22:01:28.410896', 'Restaurant New York', '99577738721489513433', -919.41, +16157.87);
INSERT INTO web_transaction ("date", description, number, amount, availableBalance) VALUES ('2025-12-12 22:01:28.410896', 'Restaurant New York', '99577738721489513433', -1069.36, +15088.51);
INSERT INTO web_transaction ("date", description, number, amount, availableBalance) VALUES ('2025-12-22 22:01:28.410896', 'Freelance Income', '99577738721489513433', +1589.88, +16678.39);
INSERT INTO web_transaction ("date", description, number, amount, availableBalance) VALUES ('2025-12-27 22:01:28.410896', 'Pizza Delivery', '99577738721489513433', -1934.47, +14743.92);
INSERT INTO web_transaction ("date", description, number, amount, availableBalance) VALUES ('2024-04-06 22:01:28.410950', 'Movie Theater', '79176936763201632870', -948.49, +68074.24);
INSERT INTO web_transaction ("date", description, number, amount, availableBalance) VALUES ('2024-08-17 22:01:28.410950', 'Pizza Delivery', '79176936763201632870', -1224.05, +66850.19);
INSERT INTO web_transaction ("date", description, number, amount, availableBalance) VALUES ('2024-09-02 22:01:28.410950', 'Pizza Delivery', '79176936763201632870', -1544.64, +65305.55);
INSERT INTO web_transaction ("date", description, number, amount, availableBalance) VALUES ('2024-09-20 22:01:28.410950', 'Pizza Delivery', '79176936763201632870', -1120.59, +64184.96);
INSERT INTO web_transaction ("date", description, number, amount, availableBalance) VALUES ('2024-11-09 22:01:28.410950', 'Movie Theater', '79176936763201632870', -1592.86, +62592.1);
INSERT INTO web_transaction ("date", description, number, amount, availableBalance) VALUES ('2024-12-20 22:01:28.410950', 'Mobile Phone Store', '79176936763201632870', -1055.7, +61536.4);
INSERT INTO web_transaction ("date", description, number, amount, availableBalance) VALUES ('2024-12-31 22:01:28.410950', 'Restaurant New York', '79176936763201632870', -422.61, +61113.79);
INSERT INTO web_transaction ("date", description, number, amount, availableBalance) VALUES ('2025-01-18 22:01:28.410950', 'Mobile Phone Store', '79176936763201632870', -1825.13, +59288.66);
INSERT INTO web_transaction ("date", description, number, amount, availableBalance) VALUES ('2025-01-25 22:01:28.410950', 'Mobile Phone Store', '79176936763201632870', -640.91, +58647.75);
INSERT INTO web_transaction ("date", description, number, amount, availableBalance) VALUES ('2025-02-25 22:01:28.410950', 'Restaurant Madrid', '79176936763201632870', -1356.48, +57291.27);
INSERT INTO web_transaction ("date", description, number, amount, availableBalance) VALUES ('2025-11-22 22:01:28.410950', 'Gas Station', '79176936763201632870', -1546.26, +55745.01);
INSERT INTO web_transaction ("date", description, number, amount, availableBalance) VALUES ('2024-08-24 22:01:28.410998', 'Online Shopping', '72788957986872774348', -301.49, +49390.64);
INSERT INTO web_transaction ("date", description, number, amount, availableBalance) VALUES ('2024-11-29 22:01:28.410998', 'Grocery Store', '72788957986872774348', -1365.57, +48025.07);
INSERT INTO web_transaction ("date", description, number, amount, availableBalance) VALUES ('2024-12-20 22:01:28.410998', 'Bonus', '72788957986872774348', +4900.6, +52925.67);
INSERT INTO web_transaction ("date", description, number, amount, availableBalance) VALUES ('2025-02-03 22:01:28.410998', 'Coffee Shop', '72788957986872774348', -963.37, +51962.3);
INSERT INTO web_transaction ("date", description, number, amount, availableBalance) VALUES ('2025-02-28 22:01:28.410998', 'Gas Station', '72788957986872774348', -1811.32, +50150.98);
INSERT INTO web_transaction ("date", description, number, amount, availableBalance) VALUES ('2025-03-14 22:01:28.410998', 'Bonus', '72788957986872774348', +3834.01, +53984.99);
INSERT INTO web_transaction ("date", description, number, amount, availableBalance) VALUES ('2025-04-16 22:01:28.410998', 'Pizza Delivery', '72788957986872774348', -1866.72, +52118.27);
INSERT INTO web_transaction ("date", description, number, amount, availableBalance) VALUES ('2025-05-02 22:01:28.410998', 'Wood Supply', '72788957986872774348', -1514.26, +50604.01);
INSERT INTO web_transaction ("date", description, number, amount, availableBalance) VALUES ('2025-06-15 22:01:28.410998', 'Pet Store', '72788957986872774348', -209.39, +50394.62);
INSERT INTO web_transaction ("date", description, number, amount, availableBalance) VALUES ('2025-10-07 22:01:28.410998', 'Coffee Shop', '72788957986872774348', -167.27, +50227.35);
INSERT INTO web_transaction ("date", description, number, amount, availableBalance) VALUES ('2025-11-11 22:01:28.410998', 'Movie Theater', '72788957986872774348', -1762.49, +48464.86);
INSERT INTO web_transaction ("date", description, number, amount, availableBalance) VALUES ('2024-09-29 22:01:28.411061', 'Sports Store', '71434558122362316658', -1868.51, +54745.14);
INSERT INTO web_transaction ("date", description, number, amount, availableBalance) VALUES ('2024-11-04 22:01:28.411061', 'Refund', '71434558122362316658', +3055.83, +57800.97);
INSERT INTO web_transaction ("date", description, number, amount, availableBalance) VALUES ('2024-11-18 22:01:28.411061', 'Mobile Phone Store', '71434558122362316658', -1779.63, +56021.34);
INSERT INTO web_transaction ("date", description, number, amount, availableBalance) VALUES ('2024-12-15 22:01:28.411061', 'Computer Store', '71434558122362316658', -1578.04, +54443.3);
INSERT INTO web_transaction ("date", description, number, amount, availableBalance) VALUES ('2025-04-12 22:01:28.411061', 'Movie Theater', '71434558122362316658', -1843.73, +52599.57);
INSERT INTO web_transaction ("date", description, number, amount, availableBalance) VALUES ('2025-08-05 22:01:28.411061', 'WebHosting', '71434558122362316658', -576.28, +52023.29);
INSERT INTO web_transaction ("date", description, number, amount, availableBalance) VALUES ('2025-08-10 22:01:28.411061', 'Movie Theater', '71434558122362316658', -1539.76, +50483.53);
INSERT INTO web_transaction ("date", description, number, amount, availableBalance) VALUES ('2025-10-30 22:01:28.411061', 'Mobile Phone Store', '71434558122362316658', -552.95, +49930.58);
INSERT INTO web_transaction ("date", description, number, amount, availableBalance) VALUES ('2025-11-20 22:01:28.411061', 'Restaurant New York', '71434558122362316658', -1479.99, +48450.59);
INSERT INTO web_transaction ("date", description, number, amount, availableBalance) VALUES ('2025-12-03 22:01:28.411061', 'Pharmacy', '71434558122362316658', -1852.82, +46597.77);
INSERT INTO web_transaction ("date", description, number, amount, availableBalance) VALUES ('2024-11-01 22:01:28.411106', 'Grocery Store', '36690967054668893734', -807.66, +22332.61);
INSERT INTO web_transaction ("date", description, number, amount, availableBalance) VALUES ('2025-02-02 22:01:28.411106', 'Interest Payment', '36690967054668893734', +3417.28, +25749.89);
INSERT INTO web_transaction ("date", description, number, amount, availableBalance) VALUES ('2025-02-09 22:01:28.411106', 'Refund', '36690967054668893734', +4058.45, +29808.34);
INSERT INTO web_transaction ("date", description, number, amount, availableBalance) VALUES ('2025-04-07 22:01:28.411106', 'Retirement', '36690967054668893734', +7684.36, +37492.7);
INSERT INTO web_transaction ("date", description, number, amount, availableBalance) VALUES ('2025-04-26 22:01:28.411106', 'Interest Payment', '36690967054668893734', +1559.85, +39052.55);
INSERT INTO web_transaction ("date", description, number, amount, availableBalance) VALUES ('2025-10-07 22:01:28.411106', 'Freelance Income', '36690967054668893734', +4536.69, +43589.24);
INSERT INTO web_transaction ("date", description, number, amount, availableBalance) VALUES ('2024-10-24 22:01:28.411131', 'Wood Supply', '65627298069901627204', -133.63, +47899.84);
INSERT INTO web_transaction ("date", description, number, amount, availableBalance) VALUES ('2024-11-01 22:01:28.411131', 'Wood Supply', '65627298069901627204', -446.07, +47453.77);
INSERT INTO web_transaction ("date", description, number, amount, availableBalance) VALUES ('2024-12-14 22:01:28.411131', 'Online Shopping', '65627298069901627204', -1331.55, +46122.22);
INSERT INTO web_transaction ("date", description, number, amount, availableBalance) VALUES ('2025-01-23 22:01:28.411131', 'Gas Station', '65627298069901627204', -1833.1, +44289.12);
INSERT INTO web_transaction ("date", description, number, amount, availableBalance) VALUES ('2025-01-31 22:01:28.411131', 'Movie Theater', '65627298069901627204', -1410.08, +42879.04);
INSERT INTO web_transaction ("date", description, number, amount, availableBalance) VALUES ('2025-04-23 22:01:28.411131', 'Coffee Shop', '65627298069901627204', -1102.98, +41776.06);
INSERT INTO web_transaction ("date", description, number, amount, availableBalance) VALUES ('2025-05-09 22:01:28.411131', 'Sports Store', '65627298069901627204', -816.78, +40959.28);
INSERT INTO web_transaction ("date", description, number, amount, availableBalance) VALUES ('2025-07-01 22:01:28.411131', 'Mobile Phone Store', '65627298069901627204', -1497.99, +39461.29);
INSERT INTO web_transaction ("date", description, number, amount, availableBalance) VALUES ('2025-07-25 22:01:28.411131', 'Restaurant Madrid', '65627298069901627204', -32.76, +39428.53);
INSERT INTO web_transaction ("date", description, number, amount, availableBalance) VALUES ('2025-11-15 22:01:28.411131', 'Gas Station', '65627298069901627204', -1511.93, +37916.6);
INSERT INTO web_transaction ("date", description, number, amount, availableBalance) VALUES ('2024-03-05 22:01:28.411170', 'Movie Theater', '55646417080531003309', -1025.65, +13006.53);
INSERT INTO web_transaction ("date", description, number, amount, availableBalance) VALUES ('2024-08-03 22:01:28.411170', 'Bonus', '55646417080531003309', +4563.0, +17569.53);
INSERT INTO web_transaction ("date", description, number, amount, availableBalance) VALUES ('2025-06-24 22:01:28.411170', 'Sports Store', '55646417080531003309', -337.43, +17232.1);
INSERT INTO web_transaction ("date", description, number, amount, availableBalance) VALUES ('2025-08-08 22:01:28.411170', 'Coffee Shop', '55646417080531003309', -729.95, +16502.15);
INSERT INTO web_transaction ("date", description, number, amount, availableBalance) VALUES ('2025-08-08 22:01:28.411170', 'Restaurant New York', '55646417080531003309', -836.69, +15665.46);
INSERT INTO web_transaction ("date", description, number, amount, availableBalance) VALUES ('2025-08-28 22:01:28.411170', 'Gas Station', '55646417080531003309', -418.75, +15246.71);
INSERT INTO web_transaction ("date", description, number, amount, availableBalance) VALUES ('2024-05-18 22:01:28.411218', 'Interest Payment', '71937452991241904966', +2050.38, +99034.1);
INSERT INTO web_transaction ("date", description, number, amount, availableBalance) VALUES ('2024-05-23 22:01:28.411218', 'Pet Store', '71937452991241904966', -1869.82, +97164.28);
INSERT INTO web_transaction ("date", description, number, amount, availableBalance) VALUES ('2025-04-23 22:01:28.411218', 'Pizza Delivery', '71937452991241904966', -1449.33, +95714.95);
INSERT INTO web_transaction ("date", description, number, amount, availableBalance) VALUES ('2025-05-06 22:01:28.411218', 'Mobile Phone Store', '71937452991241904966', -73.15, +95641.8);
INSERT INTO web_transaction ("date", description, number, amount, availableBalance) VALUES ('2025-10-27 22:01:28.411218', 'Pet Store', '71937452991241904966', -1494.15, +94147.65);
INSERT INTO web_transaction ("date", description, number, amount, availableBalance) VALUES ('2025-06-06 22:01:28.411240', 'Sports Store', '19314919058651850671', -1458.44, +47467.92);
INSERT INTO web_transaction ("date", description, number, amount, availableBalance) VALUES ('2025-07-14 22:01:28.411240', 'Online Shopping', '19314919058651850671', -55.24, +47412.68);
INSERT INTO web_transaction ("date", description, number, amount, availableBalance) VALUES ('2025-08-24 22:01:28.411240', 'Movie Theater', '19314919058651850671', -771.13, +46641.55);
INSERT INTO web_transaction ("date", description, number, amount, availableBalance) VALUES ('2025-09-15 22:01:28.411240', 'Coffee Shop', '19314919058651850671', -1295.3, +45346.25);
INSERT INTO web_transaction ("date", description, number, amount, availableBalance) VALUES ('2025-11-11 22:01:28.411240', 'Coffee Shop', '19314919058651850671', -1093.45, +44252.8);
INSERT INTO web_transaction ("date", description, number, amount, availableBalance) VALUES ('2025-11-14 22:01:28.411240', 'Refund', '19314919058651850671', +1033.85, +45286.65);
INSERT INTO web_transaction ("date", description, number, amount, availableBalance) VALUES ('2025-11-15 22:01:28.411240', 'Gas Station', '19314919058651850671', -1928.65, +43358.0);
INSERT INTO web_transaction ("date", description, number, amount, availableBalance) VALUES ('2022-06-08 22:01:28.411324', 'Computer Store', '72628498776945314737', -1233.7, +63847.2);
INSERT INTO web_transaction ("date", description, number, amount, availableBalance) VALUES ('2022-07-11 22:01:28.411324', 'Coffee Shop', '72628498776945314737', -1533.32, +62313.88);
INSERT INTO web_transaction ("date", description, number, amount, availableBalance) VALUES ('2022-07-14 22:01:28.411324', 'Grocery Store', '72628498776945314737', -210.78, +62103.1);
INSERT INTO web_transaction ("date", description, number, amount, availableBalance) VALUES ('2022-08-14 22:01:28.411324', 'Gas Station', '72628498776945314737', -1409.54, +60693.56);
INSERT INTO web_transaction ("date", description, number, amount, availableBalance) VALUES ('2022-08-30 22:01:28.411324', 'Online Shopping', '72628498776945314737', -1728.82, +58964.74);
INSERT INTO web_transaction ("date", description, number, amount, availableBalance) VALUES ('2023-05-28 22:01:28.411324', 'WebHosting', '72628498776945314737', -318.69, +58646.05);
INSERT INTO web_transaction ("date", description, number, amount, availableBalance) VALUES ('2023-08-29 22:01:28.411324', 'Pet Store', '72628498776945314737', -810.51, +57835.54);
INSERT INTO web_transaction ("date", description, number, amount, availableBalance) VALUES ('2024-02-22 22:01:28.411324', 'Restaurant Madrid', '72628498776945314737', -1547.35, +56288.19);
INSERT INTO web_transaction ("date", description, number, amount, availableBalance) VALUES ('2025-04-08 22:01:28.411324', 'Movie Theater', '72628498776945314737', -295.09, +55993.1);
INSERT INTO web_transaction ("date", description, number, amount, availableBalance) VALUES ('2025-06-20 22:01:28.411324', 'Pizza Delivery', '72628498776945314737', -557.56, +55435.54);
INSERT INTO web_transaction ("date", description, number, amount, availableBalance) VALUES ('2025-07-29 22:01:28.411324', 'Refund', '72628498776945314737', +1553.73, +56989.27);
INSERT INTO web_transaction ("date", description, number, amount, availableBalance) VALUES ('2025-01-26 22:01:28.411394', 'Computer Store', '50752735454948083136', -1116.14, +54655.96);
INSERT INTO web_transaction ("date", description, number, amount, availableBalance) VALUES ('2025-02-08 22:01:28.411394', 'Restaurant Madrid', '50752735454948083136', -88.7, +54567.26);
INSERT INTO web_transaction ("date", description, number, amount, availableBalance) VALUES ('2025-02-11 22:01:28.411394', 'Wood Supply', '50752735454948083136', -667.22, +53900.04);
INSERT INTO web_transaction ("date", description, number, amount, availableBalance) VALUES ('2025-03-16 22:01:28.411394', 'Pizza Delivery', '50752735454948083136', -1716.51, +52183.53);
INSERT INTO web_transaction ("date", description, number, amount, availableBalance) VALUES ('2025-04-09 22:01:28.411394', 'Movie Theater', '50752735454948083136', -40.51, +52143.02);
INSERT INTO web_transaction ("date", description, number, amount, availableBalance) VALUES ('2025-05-05 22:01:28.411394', 'Online Shopping', '50752735454948083136', -1080.48, +51062.54);
INSERT INTO web_transaction ("date", description, number, amount, availableBalance) VALUES ('2025-06-04 22:01:28.411394', 'Computer Store', '50752735454948083136', -822.44, +50240.1);
INSERT INTO web_transaction ("date", description, number, amount, availableBalance) VALUES ('2025-06-21 22:01:28.411394', 'Wood Supply', '50752735454948083136', -1740.25, +48499.85);
INSERT INTO web_transaction ("date", description, number, amount, availableBalance) VALUES ('2025-07-14 22:01:28.411394', 'Wood Supply', '50752735454948083136', -112.56, +48387.29);
INSERT INTO web_transaction ("date", description, number, amount, availableBalance) VALUES ('2025-07-19 22:01:28.411394', 'Restaurant New York', '50752735454948083136', -1064.68, +47322.61);
INSERT INTO web_transaction ("date", description, number, amount, availableBalance) VALUES ('2025-08-01 22:01:28.411394', 'Movie Theater', '50752735454948083136', -124.67, +47197.94);
INSERT INTO web_transaction ("date", description, number, amount, availableBalance) VALUES ('2025-09-27 22:01:28.411394', 'Gas Station', '50752735454948083136', -1345.97, +45851.97);
INSERT INTO web_transaction ("date", description, number, amount, availableBalance) VALUES ('2025-10-03 22:01:28.411394', 'Pharmacy', '50752735454948083136', -748.44, +45103.53);
INSERT INTO web_transaction ("date", description, number, amount, availableBalance) VALUES ('2025-10-15 22:01:28.411394', 'Bonus', '50752735454948083136', +3759.37, +48862.9);
INSERT INTO web_transaction ("date", description, number, amount, availableBalance) VALUES ('2024-04-12 22:01:28.411450', 'WebHosting', '77701436349578856855', -632.71, +73064.92);
INSERT INTO web_transaction ("date", description, number, amount, availableBalance) VALUES ('2024-09-22 22:01:28.411450', 'Coffee Shop', '77701436349578856855', -1212.76, +71852.16);
INSERT INTO web_transaction ("date", description, number, amount, availableBalance) VALUES ('2024-12-11 22:01:28.411450', 'Wood Supply', '77701436349578856855', -1108.64, +70743.52);
INSERT INTO web_transaction ("date", description, number, amount, availableBalance) VALUES ('2025-01-06 22:01:28.411450', 'Restaurant New York', '77701436349578856855', -1300.96, +69442.56);
INSERT INTO web_transaction ("date", description, number, amount, availableBalance) VALUES ('2025-01-18 22:01:28.411450', 'Freelance Income', '77701436349578856855', +2612.71, +72055.27);
INSERT INTO web_transaction ("date", description, number, amount, availableBalance) VALUES ('2025-06-17 22:01:28.411450', 'Restaurant New York', '77701436349578856855', -1766.8, +70288.47);
INSERT INTO web_transaction ("date", description, number, amount, availableBalance) VALUES ('2024-11-19 22:01:28.411478', 'Gas Station', '44313518233749894134', -106.54, +34939.12);
INSERT INTO web_transaction ("date", description, number, amount, availableBalance) VALUES ('2024-11-19 22:01:28.411478', 'Gas Station', '44313518233749894134', -980.83, +33958.29);
INSERT INTO web_transaction ("date", description, number, amount, availableBalance) VALUES ('2024-12-20 22:01:28.411478', 'Pharmacy', '44313518233749894134', -1265.1, +32693.19);
INSERT INTO web_transaction ("date", description, number, amount, availableBalance) VALUES ('2024-12-24 22:01:28.411478', 'Restaurant New York', '44313518233749894134', -77.31, +32615.88);
INSERT INTO web_transaction ("date", description, number, amount, availableBalance) VALUES ('2025-02-24 22:01:28.411478', 'Computer Store', '44313518233749894134', -597.43, +32018.45);
INSERT INTO web_transaction ("date", description, number, amount, availableBalance) VALUES ('2025-03-21 22:01:28.411478', 'Computer Store', '44313518233749894134', -1143.88, +30874.57);
INSERT INTO web_transaction ("date", description, number, amount, availableBalance) VALUES ('2025-05-07 22:01:28.411478', 'Gas Station', '44313518233749894134', -1887.49, +28987.08);
INSERT INTO web_transaction ("date", description, number, amount, availableBalance) VALUES ('2025-07-07 22:01:28.411478', 'Pet Store', '44313518233749894134', -445.25, +28541.83);
INSERT INTO web_transaction ("date", description, number, amount, availableBalance) VALUES ('2025-08-22 22:01:28.411478', 'Sports Store', '44313518233749894134', -288.52, +28253.31);
INSERT INTO web_transaction ("date", description, number, amount, availableBalance) VALUES ('2025-09-11 22:01:28.411478', 'Pet Store', '44313518233749894134', -528.94, +27724.37);
INSERT INTO web_transaction ("date", description, number, amount, availableBalance) VALUES ('2025-09-27 22:01:28.411478', 'Restaurant Madrid', '44313518233749894134', -1279.08, +26445.29);
INSERT INTO web_transaction ("date", description, number, amount, availableBalance) VALUES ('2025-10-10 22:01:28.411478', 'Movie Theater', '44313518233749894134', -1779.84, +24665.45);
INSERT INTO web_transaction ("date", description, number, amount, availableBalance) VALUES ('2025-11-21 22:01:28.411478', 'Pharmacy', '44313518233749894134', -982.36, +23683.09);
INSERT INTO web_transaction ("date", description, number, amount, availableBalance) VALUES ('2025-11-26 22:01:28.411478', 'Mobile Phone Store', '44313518233749894134', -927.05, +22756.04);
INSERT INTO web_transaction ("date", description, number, amount, availableBalance) VALUES ('2024-06-06 22:01:28.411529', 'Pharmacy', '40824008427109477752', -1303.29, +90963.74);
INSERT INTO web_transaction ("date", description, number, amount, availableBalance) VALUES ('2024-07-26 22:01:28.411529', 'Wood Supply', '40824008427109477752', -606.95, +90356.79);
INSERT INTO web_transaction ("date", description, number, amount, availableBalance) VALUES ('2024-07-28 22:01:28.411529', 'Salary', '40824008427109477752', +3662.8, +94019.59);
INSERT INTO web_transaction ("date", description, number, amount, availableBalance) VALUES ('2024-08-11 22:01:28.411529', 'Movie Theater', '40824008427109477752', -366.74, +93652.85);
INSERT INTO web_transaction ("date", description, number, amount, availableBalance) VALUES ('2025-01-09 22:01:28.411529', 'Interest Payment', '40824008427109477752', +2565.49, +96218.34);
INSERT INTO web_transaction ("date", description, number, amount, availableBalance) VALUES ('2025-04-09 22:01:28.411529', 'Computer Store', '40824008427109477752', -1293.37, +94924.97);
INSERT INTO web_transaction ("date", description, number, amount, availableBalance) VALUES ('2025-06-15 22:01:28.411529', 'WebHosting', '40824008427109477752', -541.98, +94382.99);
INSERT INTO web_transaction ("date", description, number, amount, availableBalance) VALUES ('2025-07-19 22:01:28.411529', 'Pet Store', '40824008427109477752', -1009.41, +93373.58);
INSERT INTO web_transaction ("date", description, number, amount, availableBalance) VALUES ('2025-09-04 22:01:28.411529', 'Interest Payment', '40824008427109477752', +2197.26, +95570.84);
INSERT INTO web_transaction ("date", description, number, amount, availableBalance) VALUES ('2025-10-26 22:01:28.411529', 'Wood Supply', '40824008427109477752', -391.94, +95178.9);
INSERT INTO web_transaction ("date", description, number, amount, availableBalance) VALUES ('2025-10-27 22:01:28.411529', 'Pharmacy', '40824008427109477752', -1947.94, +93230.96);
INSERT INTO web_transaction ("date", description, number, amount, availableBalance) VALUES ('2025-11-04 22:01:28.411529', 'Bonus', '40824008427109477752', +3749.87, +96980.83);
INSERT INTO web_transaction ("date", description, number, amount, availableBalance) VALUES ('2025-12-06 22:01:28.411529', 'Wood Supply', '40824008427109477752', -430.72, +96550.11);
INSERT INTO web_transaction ("date", description, number, amount, availableBalance) VALUES ('2024-12-26 22:01:28.411575', 'Restaurant Madrid', '11671902294131869993', -1319.64, +77155.06);
INSERT INTO web_transaction ("date", description, number, amount, availableBalance) VALUES ('2025-01-10 22:01:28.411575', 'WebHosting', '11671902294131869993', -41.16, +77113.9);
INSERT INTO web_transaction ("date", description, number, amount, availableBalance) VALUES ('2025-02-16 22:01:28.411575', 'Salary', '11671902294131869993', +3579.93, +80693.83);
INSERT INTO web_transaction ("date", description, number, amount, availableBalance) VALUES ('2025-05-07 22:01:28.411575', 'WebHosting', '11671902294131869993', -116.86, +80576.97);
INSERT INTO web_transaction ("date", description, number, amount, availableBalance) VALUES ('2025-05-14 22:01:28.411575', 'Gas Station', '11671902294131869993', -553.92, +80023.05);
INSERT INTO web_transaction ("date", description, number, amount, availableBalance) VALUES ('2025-06-09 22:01:28.411575', 'Freelance Income', '11671902294131869993', +3758.74, +83781.79);
INSERT INTO web_transaction ("date", description, number, amount, availableBalance) VALUES ('2025-07-11 22:01:28.411575', 'Grocery Store', '11671902294131869993', -605.56, +83176.23);
INSERT INTO web_transaction ("date", description, number, amount, availableBalance) VALUES ('2025-09-07 22:01:28.411575', 'Pharmacy', '11671902294131869993', -1700.39, +81475.84);
INSERT INTO web_transaction ("date", description, number, amount, availableBalance) VALUES ('2025-10-09 22:01:28.411575', 'WebHosting', '11671902294131869993', -773.85, +80701.99);
INSERT INTO web_transaction ("date", description, number, amount, availableBalance) VALUES ('2025-10-24 22:01:28.411575', 'Grocery Store', '11671902294131869993', -687.78, +80014.21);
INSERT INTO web_transaction ("date", description, number, amount, availableBalance) VALUES ('2025-10-27 22:01:28.411575', 'Restaurant Madrid', '11671902294131869993', -799.44, +79214.77);
INSERT INTO web_transaction ("date", description, number, amount, availableBalance) VALUES ('2025-11-20 22:01:28.411575', 'Online Shopping', '11671902294131869993', -1643.17, +77571.6);
INSERT INTO web_transaction ("date", description, number, amount, availableBalance) VALUES ('2024-11-15 22:01:28.411619', 'WebHosting', '77496499091334123281', -1728.8, +16906.15);
INSERT INTO web_transaction ("date", description, number, amount, availableBalance) VALUES ('2024-12-21 22:01:28.411619', 'Wood Supply', '77496499091334123281', -1429.09, +15477.06);
INSERT INTO web_transaction ("date", description, number, amount, availableBalance) VALUES ('2024-12-31 22:01:28.411619', 'Restaurant New York', '77496499091334123281', -1029.76, +14447.3);
INSERT INTO web_transaction ("date", description, number, amount, availableBalance) VALUES ('2025-01-02 22:01:28.411619', 'Interest Payment', '77496499091334123281', +1925.05, +16372.35);
INSERT INTO web_transaction ("date", description, number, amount, availableBalance) VALUES ('2025-03-13 22:01:28.411619', 'Movie Theater', '77496499091334123281', -1985.53, +14386.82);
INSERT INTO web_transaction ("date", description, number, amount, availableBalance) VALUES ('2025-06-17 22:01:28.411619', 'Sports Store', '77496499091334123281', -183.72, +14203.1);
INSERT INTO web_transaction ("date", description, number, amount, availableBalance) VALUES ('2025-09-10 22:01:28.411619', 'Refund', '77496499091334123281', +2993.99, +17197.09);
INSERT INTO web_transaction ("date", description, number, amount, availableBalance) VALUES ('2025-09-21 22:01:28.411619', 'Computer Store', '77496499091334123281', -180.53, +17016.56);
INSERT INTO web_transaction ("date", description, number, amount, availableBalance) VALUES ('2025-09-29 22:01:28.411619', 'Computer Store', '77496499091334123281', -1426.24, +15590.32);
INSERT INTO web_transaction ("date", description, number, amount, availableBalance) VALUES ('2025-10-23 22:01:28.411619', 'Computer Store', '77496499091334123281', -869.38, +14720.94);
INSERT INTO web_transaction ("date", description, number, amount, availableBalance) VALUES ('2025-11-15 22:01:28.411619', 'Computer Store', '77496499091334123281', -1560.55, +13160.39);
INSERT INTO web_transaction ("date", description, number, amount, availableBalance) VALUES ('2025-12-03 22:01:28.411619', 'Refund', '77496499091334123281', +2501.31, +15661.7);
INSERT INTO web_transaction ("date", description, number, amount, availableBalance) VALUES ('2024-04-01 22:01:28.411689', 'Computer Store', '79740344713493618324', -606.51, +87487.9);
INSERT INTO web_transaction ("date", description, number, amount, availableBalance) VALUES ('2024-05-31 22:01:28.411689', 'Wood Supply', '79740344713493618324', -921.14, +86566.76);
INSERT INTO web_transaction ("date", description, number, amount, availableBalance) VALUES ('2024-07-03 22:01:28.411689', 'Mobile Phone Store', '79740344713493618324', -300.41, +86266.35);
INSERT INTO web_transaction ("date", description, number, amount, availableBalance) VALUES ('2024-10-15 22:01:28.411689', 'Interest Payment', '79740344713493618324', +1262.76, +87529.11);
INSERT INTO web_transaction ("date", description, number, amount, availableBalance) VALUES ('2024-12-12 22:01:28.411689', 'Restaurant Madrid', '79740344713493618324', -1566.13, +85962.98);
INSERT INTO web_transaction ("date", description, number, amount, availableBalance) VALUES ('2024-12-21 22:01:28.411689', 'Pharmacy', '79740344713493618324', -665.79, +85297.19);
INSERT INTO web_transaction ("date", description, number, amount, availableBalance) VALUES ('2025-01-21 22:01:28.411689', 'Pharmacy', '79740344713493618324', -1573.87, +83723.32);
INSERT INTO web_transaction ("date", description, number, amount, availableBalance) VALUES ('2025-02-24 22:01:28.411689', 'WebHosting', '79740344713493618324', -363.5, +83359.82);
INSERT INTO web_transaction ("date", description, number, amount, availableBalance) VALUES ('2025-06-04 22:01:28.411689', 'Wood Supply', '79740344713493618324', -1444.59, +81915.23);
INSERT INTO web_transaction ("date", description, number, amount, availableBalance) VALUES ('2025-07-25 22:01:28.411689', 'Bonus', '79740344713493618324', +1399.1, +83314.33);
INSERT INTO web_transaction ("date", description, number, amount, availableBalance) VALUES ('2025-09-13 22:01:28.411689', 'Pharmacy', '79740344713493618324', -1720.42, +81593.91);
INSERT INTO web_transaction ("date", description, number, amount, availableBalance) VALUES ('2025-10-10 22:01:28.411689', 'Computer Store', '79740344713493618324', -671.11, +80922.8);
INSERT INTO web_transaction ("date", description, number, amount, availableBalance) VALUES ('2025-10-23 22:01:28.411689', 'Pizza Delivery', '79740344713493618324', -1472.4, +79450.4);
INSERT INTO web_transaction ("date", description, number, amount, availableBalance) VALUES ('2025-12-25 22:01:28.411689', 'Refund', '79740344713493618324', +3214.45, +82664.85);
INSERT INTO web_transaction ("date", description, number, amount, availableBalance) VALUES ('2022-09-17 22:01:28.411742', 'Wood Supply', '02499471746488771906', -882.53, +80557.2);
INSERT INTO web_transaction ("date", description, number, amount, availableBalance) VALUES ('2023-09-01 22:01:28.411742', 'Pet Store', '02499471746488771906', -1906.48, +78650.72);
INSERT INTO web_transaction ("date", description, number, amount, availableBalance) VALUES ('2024-06-06 22:01:28.411742', 'Computer Store', '02499471746488771906', -157.19, +78493.53);
INSERT INTO web_transaction ("date", description, number, amount, availableBalance) VALUES ('2024-08-18 22:01:28.411742', 'Gas Station', '02499471746488771906', -1003.61, +77489.92);
INSERT INTO web_transaction ("date", description, number, amount, availableBalance) VALUES ('2025-02-01 22:01:28.411742', 'Pizza Delivery', '02499471746488771906', -1320.74, +76169.18);
INSERT INTO web_transaction ("date", description, number, amount, availableBalance) VALUES ('2025-07-16 22:01:28.411742', 'Grocery Store', '02499471746488771906', -1639.74, +74529.44);
INSERT INTO web_transaction ("date", description, number, amount, availableBalance) VALUES ('2025-12-15 22:01:28.411742', 'Computer Store', '02499471746488771906', -1073.39, +73456.05);
INSERT INTO web_transaction ("date", description, number, amount, availableBalance) VALUES ('2025-06-14 22:01:28.411768', 'Interest Payment', '01399049027874296717', +4642.46, +47960.71);
INSERT INTO web_transaction ("date", description, number, amount, availableBalance) VALUES ('2025-06-18 22:01:28.411768', 'Computer Store', '01399049027874296717', -220.83, +47739.88);
INSERT INTO web_transaction ("date", description, number, amount, availableBalance) VALUES ('2025-06-20 22:01:28.411768', 'Gas Station', '01399049027874296717', -1829.66, +45910.22);
INSERT INTO web_transaction ("date", description, number, amount, availableBalance) VALUES ('2025-07-05 22:01:28.411768', 'Gas Station', '01399049027874296717', -1332.74, +44577.48);
INSERT INTO web_transaction ("date", description, number, amount, availableBalance) VALUES ('2025-08-16 22:01:28.411768', 'Computer Store', '01399049027874296717', -1933.95, +42643.53);
INSERT INTO web_transaction ("date", description, number, amount, availableBalance) VALUES ('2025-08-27 22:01:28.411768', 'Restaurant Madrid', '01399049027874296717', -449.85, +42193.68);
INSERT INTO web_transaction ("date", description, number, amount, availableBalance) VALUES ('2025-09-24 22:01:28.411768', 'WebHosting', '01399049027874296717', -1995.43, +40198.25);
INSERT INTO web_transaction ("date", description, number, amount, availableBalance) VALUES ('2025-10-13 22:01:28.411768', 'Restaurant New York', '01399049027874296717', -1496.24, +38702.01);
INSERT INTO web_transaction ("date", description, number, amount, availableBalance) VALUES ('2025-11-05 22:01:28.411768', 'Pet Store', '01399049027874296717', -1130.81, +37571.2);
INSERT INTO web_transaction ("date", description, number, amount, availableBalance) VALUES ('2025-11-16 22:01:28.411768', 'Online Shopping', '01399049027874296717', -1362.32, +36208.88);
INSERT INTO web_transaction ("date", description, number, amount, availableBalance) VALUES ('2025-12-17 22:01:28.411768', 'WebHosting', '01399049027874296717', -1406.25, +34802.63);
INSERT INTO web_transaction ("date", description, number, amount, availableBalance) VALUES ('2025-05-21 22:01:28.411806', 'WebHosting', '51256746807154516808', -916.11, +48718.09);
INSERT INTO web_transaction ("date", description, number, amount, availableBalance) VALUES ('2025-06-09 22:01:28.411806', 'Gas Station', '51256746807154516808', -1602.1, +47115.99);
INSERT INTO web_transaction ("date", description, number, amount, availableBalance) VALUES ('2025-07-08 22:01:28.411806', 'Mobile Phone Store', '51256746807154516808', -644.63, +46471.36);
INSERT INTO web_transaction ("date", description, number, amount, availableBalance) VALUES ('2025-07-30 22:01:28.411806', 'Freelance Income', '51256746807154516808', +1017.88, +47489.24);
INSERT INTO web_transaction ("date", description, number, amount, availableBalance) VALUES ('2025-09-17 22:01:28.411806', 'WebHosting', '51256746807154516808', -957.56, +46531.68);
INSERT INTO web_transaction ("date", description, number, amount, availableBalance) VALUES ('2025-11-18 22:01:28.411806', 'Restaurant New York', '51256746807154516808', -328.67, +46203.01);
INSERT INTO web_transaction ("date", description, number, amount, availableBalance) VALUES ('2022-09-27 22:01:28.411956', 'Computer Store', '38597703482477109324', -1263.22, +58862.34);
INSERT INTO web_transaction ("date", description, number, amount, availableBalance) VALUES ('2023-04-04 22:01:28.411956', 'Coffee Shop', '38597703482477109324', -437.44, +58424.9);
INSERT INTO web_transaction ("date", description, number, amount, availableBalance) VALUES ('2023-07-10 22:01:28.411956', 'Bonus', '38597703482477109324', +1341.32, +59766.22);
INSERT INTO web_transaction ("date", description, number, amount, availableBalance) VALUES ('2023-09-01 22:01:28.411956', 'Restaurant Madrid', '38597703482477109324', -237.32, +59528.9);
INSERT INTO web_transaction ("date", description, number, amount, availableBalance) VALUES ('2023-11-15 22:01:28.411956', 'Gas Station', '38597703482477109324', -633.67, +58895.23);
INSERT INTO web_transaction ("date", description, number, amount, availableBalance) VALUES ('2024-02-07 22:01:28.411956', 'Wood Supply', '38597703482477109324', -904.65, +57990.58);
INSERT INTO web_transaction ("date", description, number, amount, availableBalance) VALUES ('2024-06-09 22:01:28.411956', 'Salary', '38597703482477109324', +1680.59, +59671.17);
INSERT INTO web_transaction ("date", description, number, amount, availableBalance) VALUES ('2024-12-06 22:01:28.411956', 'Online Shopping', '38597703482477109324', -1594.06, +58077.11);
INSERT INTO web_transaction ("date", description, number, amount, availableBalance) VALUES ('2025-01-01 22:01:28.411956', 'Pizza Delivery', '38597703482477109324', -1838.18, +56238.93);
INSERT INTO web_transaction ("date", description, number, amount, availableBalance) VALUES ('2025-06-21 22:01:28.411956', 'Restaurant Madrid', '38597703482477109324', -353.33, +55885.6);
INSERT INTO web_transaction ("date", description, number, amount, availableBalance) VALUES ('2025-10-30 22:01:28.411956', 'Computer Store', '38597703482477109324', -797.21, +55088.39);
INSERT INTO web_transaction ("date", description, number, amount, availableBalance) VALUES ('2025-05-12 22:01:28.412280', 'Restaurant New York', '13171274846773782639', -1389.93, +55074.25);
INSERT INTO web_transaction ("date", description, number, amount, availableBalance) VALUES ('2025-05-17 22:01:28.412280', 'Wood Supply', '13171274846773782639', -617.71, +54456.54);
INSERT INTO web_transaction ("date", description, number, amount, availableBalance) VALUES ('2025-05-19 22:01:28.412280', 'Restaurant Madrid', '13171274846773782639', -773.58, +53682.96);
INSERT INTO web_transaction ("date", description, number, amount, availableBalance) VALUES ('2025-05-19 22:01:28.412280', 'Mobile Phone Store', '13171274846773782639', -584.78, +53098.18);
INSERT INTO web_transaction ("date", description, number, amount, availableBalance) VALUES ('2025-08-15 22:01:28.412280', 'Mobile Phone Store', '13171274846773782639', -1242.63, +51855.55);
INSERT INTO web_transaction ("date", description, number, amount, availableBalance) VALUES ('2025-09-15 22:01:28.412280', 'Sports Store', '13171274846773782639', -1026.54, +50829.01);
INSERT INTO web_transaction ("date", description, number, amount, availableBalance) VALUES ('2024-05-14 22:01:28.412305', 'Mobile Phone Store', '14658404499727875588', -982.51, +27260.53);
INSERT INTO web_transaction ("date", description, number, amount, availableBalance) VALUES ('2024-08-10 22:01:28.412305', 'Retirement', '14658404499727875588', +8526.52, +35787.05);
INSERT INTO web_transaction ("date", description, number, amount, availableBalance) VALUES ('2024-12-15 22:01:28.412305', 'Online Shopping', '14658404499727875588', -1524.5, +34262.55);
INSERT INTO web_transaction ("date", description, number, amount, availableBalance) VALUES ('2025-04-20 22:01:28.412305', 'Computer Store', '14658404499727875588', -1372.55, +32890.0);
INSERT INTO web_transaction ("date", description, number, amount, availableBalance) VALUES ('2025-07-21 22:01:28.412305', 'Interest Payment', '14658404499727875588', +4837.23, +37727.23);
INSERT INTO web_transaction ("date", description, number, amount, availableBalance) VALUES ('2024-03-13 22:01:28.412325', 'Pizza Delivery', '33963605766270289517', -1750.87, +22359.8);
INSERT INTO web_transaction ("date", description, number, amount, availableBalance) VALUES ('2024-05-08 22:01:28.412325', 'WebHosting', '33963605766270289517', -1725.78, +20634.02);
INSERT INTO web_transaction ("date", description, number, amount, availableBalance) VALUES ('2024-07-27 22:01:28.412325', 'Restaurant Madrid', '33963605766270289517', -1269.21, +19364.81);
INSERT INTO web_transaction ("date", description, number, amount, availableBalance) VALUES ('2024-09-07 22:01:28.412325', 'Online Shopping', '33963605766270289517', -421.17, +18943.64);
INSERT INTO web_transaction ("date", description, number, amount, availableBalance) VALUES ('2024-10-08 22:01:28.412325', 'Grocery Store', '33963605766270289517', -1553.51, +17390.13);
INSERT INTO web_transaction ("date", description, number, amount, availableBalance) VALUES ('2024-11-09 22:01:28.412325', 'Grocery Store', '33963605766270289517', -1149.7, +16240.43);
INSERT INTO web_transaction ("date", description, number, amount, availableBalance) VALUES ('2024-11-22 22:01:28.412325', 'Restaurant Madrid', '33963605766270289517', -708.12, +15532.31);
INSERT INTO web_transaction ("date", description, number, amount, availableBalance) VALUES ('2024-12-04 22:01:28.412325', 'Sports Store', '33963605766270289517', -654.07, +14878.24);
INSERT INTO web_transaction ("date", description, number, amount, availableBalance) VALUES ('2025-02-02 22:01:28.412325', 'Coffee Shop', '33963605766270289517', -1179.97, +13698.27);
INSERT INTO web_transaction ("date", description, number, amount, availableBalance) VALUES ('2025-05-05 22:01:28.412325', 'Pet Store', '33963605766270289517', -1522.41, +12175.86);
INSERT INTO web_transaction ("date", description, number, amount, availableBalance) VALUES ('2025-08-17 22:01:28.412325', 'Pharmacy', '33963605766270289517', -1981.88, +10193.98);
INSERT INTO web_transaction ("date", description, number, amount, availableBalance) VALUES ('2025-12-09 22:01:28.412325', 'Computer Store', '33963605766270289517', -213.81, +9980.17);
INSERT INTO web_transaction ("date", description, number, amount, availableBalance) VALUES ('2022-11-22 22:01:28.412552', 'Sports Store', '02621745961586578091', -1159.08, +28437.22);
INSERT INTO web_transaction ("date", description, number, amount, availableBalance) VALUES ('2023-06-15 22:01:28.412552', 'Coffee Shop', '02621745961586578091', -1873.31, +26563.91);
INSERT INTO web_transaction ("date", description, number, amount, availableBalance) VALUES ('2024-04-10 22:01:28.412552', 'Online Shopping', '02621745961586578091', -195.26, +26368.65);
INSERT INTO web_transaction ("date", description, number, amount, availableBalance) VALUES ('2024-12-08 22:01:28.412552', 'Computer Store', '02621745961586578091', -909.46, +25459.19);
INSERT INTO web_transaction ("date", description, number, amount, availableBalance) VALUES ('2025-01-23 22:01:28.412552', 'Pet Store', '02621745961586578091', -1985.05, +23474.14);
INSERT INTO web_transaction ("date", description, number, amount, availableBalance) VALUES ('2025-03-05 22:01:28.412552', 'Wood Supply', '02621745961586578091', -1525.33, +21948.81);
INSERT INTO web_transaction ("date", description, number, amount, availableBalance) VALUES ('2025-03-12 22:01:28.412552', 'Pharmacy', '02621745961586578091', -1033.69, +20915.12);
INSERT INTO web_transaction ("date", description, number, amount, availableBalance) VALUES ('2025-05-16 22:01:28.412552', 'Retirement', '02621745961586578091', +4495.48, +25410.6);
INSERT INTO web_transaction ("date", description, number, amount, availableBalance) VALUES ('2025-10-16 22:01:28.412552', 'Sports Store', '02621745961586578091', -1925.92, +23484.68);
INSERT INTO web_transaction ("date", description, number, amount, availableBalance) VALUES ('2024-02-17 22:01:28.412593', 'Retirement', '31611724005045562386', +7178.0, +53173.57);
INSERT INTO web_transaction ("date", description, number, amount, availableBalance) VALUES ('2024-04-06 22:01:28.412593', 'Interest Payment', '31611724005045562386', +4047.37, +57220.94);
INSERT INTO web_transaction ("date", description, number, amount, availableBalance) VALUES ('2024-05-22 22:01:28.412593', 'Pet Store', '31611724005045562386', -1739.13, +55481.81);
INSERT INTO web_transaction ("date", description, number, amount, availableBalance) VALUES ('2024-07-01 22:01:28.412593', 'Computer Store', '31611724005045562386', -412.61, +55069.2);
INSERT INTO web_transaction ("date", description, number, amount, availableBalance) VALUES ('2024-09-27 22:01:28.412593', 'Online Shopping', '31611724005045562386', -1073.5, +53995.7);
INSERT INTO web_transaction ("date", description, number, amount, availableBalance) VALUES ('2024-11-17 22:01:28.412593', 'Pharmacy', '31611724005045562386', -431.58, +53564.12);
INSERT INTO web_transaction ("date", description, number, amount, availableBalance) VALUES ('2024-11-23 22:01:28.412593', 'Pizza Delivery', '31611724005045562386', -326.37, +53237.75);
INSERT INTO web_transaction ("date", description, number, amount, availableBalance) VALUES ('2025-02-17 22:01:28.412593', 'Mobile Phone Store', '31611724005045562386', -1273.33, +51964.42);
INSERT INTO web_transaction ("date", description, number, amount, availableBalance) VALUES ('2025-03-03 22:01:28.412593', 'Refund', '31611724005045562386', +1626.75, +53591.17);
INSERT INTO web_transaction ("date", description, number, amount, availableBalance) VALUES ('2025-03-28 22:01:28.412593', 'Gas Station', '31611724005045562386', -339.39, +53251.78);
INSERT INTO web_transaction ("date", description, number, amount, availableBalance) VALUES ('2025-06-01 22:01:28.412593', 'Freelance Income', '31611724005045562386', +4027.5, +57279.28);
INSERT INTO web_transaction ("date", description, number, amount, availableBalance) VALUES ('2025-09-30 22:01:28.412593', 'Pizza Delivery', '31611724005045562386', -682.13, +56597.15);
INSERT INTO web_transaction ("date", description, number, amount, availableBalance) VALUES ('2024-11-01 22:01:28.412640', 'Computer Store', '22196937923747407482', -635.86, -12436.81);
INSERT INTO web_transaction ("date", description, number, amount, availableBalance) VALUES ('2024-12-09 22:01:28.412640', 'Mobile Phone Store', '22196937923747407482', -708.86, -13145.67);
INSERT INTO web_transaction ("date", description, number, amount, availableBalance) VALUES ('2025-01-22 22:01:28.412640', 'Refund', '22196937923747407482', +2154.03, -10991.64);
INSERT INTO web_transaction ("date", description, number, amount, availableBalance) VALUES ('2025-03-06 22:01:28.412640', 'Salary', '22196937923747407482', +3153.08, -7838.56);
INSERT INTO web_transaction ("date", description, number, amount, availableBalance) VALUES ('2025-04-23 22:01:28.412640', 'Salary', '22196937923747407482', +504.89, -7333.67);
INSERT INTO web_transaction ("date", description, number, amount, availableBalance) VALUES ('2025-04-23 22:01:28.412640', 'Interest Payment', '22196937923747407482', +3623.14, -3710.53);
INSERT INTO web_transaction ("date", description, number, amount, availableBalance) VALUES ('2025-06-01 22:01:28.412640', 'Gas Station', '22196937923747407482', -177.65, -3888.18);
INSERT INTO web_transaction ("date", description, number, amount, availableBalance) VALUES ('2025-06-30 22:01:28.412640', 'Bonus', '22196937923747407482', +3034.81, -853.37);
INSERT INTO web_transaction ("date", description, number, amount, availableBalance) VALUES ('2025-07-03 22:01:28.412640', 'Sports Store', '22196937923747407482', -1840.59, -2693.96);
INSERT INTO web_transaction ("date", description, number, amount, availableBalance) VALUES ('2025-07-23 22:01:28.412640', 'Online Shopping', '22196937923747407482', -475.95, -3169.91);
INSERT INTO web_transaction ("date", description, number, amount, availableBalance) VALUES ('2025-08-03 22:01:28.412640', 'Retirement', '22196937923747407482', +9982.07, +6812.16);
INSERT INTO web_transaction ("date", description, number, amount, availableBalance) VALUES ('2025-08-05 22:01:28.412640', 'Bonus', '22196937923747407482', +1517.86, +8330.02);
INSERT INTO web_transaction ("date", description, number, amount, availableBalance) VALUES ('2025-10-08 22:01:28.412640', 'Interest Payment', '22196937923747407482', +901.99, +9232.01);
INSERT INTO web_transaction ("date", description, number, amount, availableBalance) VALUES ('2025-10-14 22:01:28.412640', 'Pet Store', '22196937923747407482', -1394.24, +7837.77);
INSERT INTO web_transaction ("date", description, number, amount, availableBalance) VALUES ('2025-11-24 22:01:28.412640', 'Pharmacy', '22196937923747407482', -442.32, +7395.45);
INSERT INTO web_transaction ("date", description, number, amount, availableBalance) VALUES ('2021-05-17 22:01:28.412700', 'Restaurant Madrid', '94647436713695944064', -151.31, +6336.18);
INSERT INTO web_transaction ("date", description, number, amount, availableBalance) VALUES ('2021-10-08 22:01:28.412700', 'Computer Store', '94647436713695944064', -1406.6, +4929.58);
INSERT INTO web_transaction ("date", description, number, amount, availableBalance) VALUES ('2022-06-17 22:01:28.412700', 'Freelance Income', '94647436713695944064', +4441.22, +9370.8);
INSERT INTO web_transaction ("date", description, number, amount, availableBalance) VALUES ('2022-08-29 22:01:28.412700', 'Mobile Phone Store', '94647436713695944064', -777.91, +8592.89);
INSERT INTO web_transaction ("date", description, number, amount, availableBalance) VALUES ('2022-10-11 22:01:28.412700', 'Bonus', '94647436713695944064', +803.9, +9396.79);
INSERT INTO web_transaction ("date", description, number, amount, availableBalance) VALUES ('2022-11-12 22:01:28.412700', 'Restaurant New York', '94647436713695944064', -1235.93, +8160.86);
INSERT INTO web_transaction ("date", description, number, amount, availableBalance) VALUES ('2023-06-24 22:01:28.412700', 'Movie Theater', '94647436713695944064', -639.78, +7521.08);
INSERT INTO web_transaction ("date", description, number, amount, availableBalance) VALUES ('2023-07-04 22:01:28.412700', 'Restaurant New York', '94647436713695944064', -385.41, +7135.67);
INSERT INTO web_transaction ("date", description, number, amount, availableBalance) VALUES ('2024-02-13 22:01:28.412700', 'Pizza Delivery', '94647436713695944064', -1260.86, +5874.81);
INSERT INTO web_transaction ("date", description, number, amount, availableBalance) VALUES ('2024-05-15 22:01:28.412700', 'Restaurant Madrid', '94647436713695944064', -847.52, +5027.29);
INSERT INTO web_transaction ("date", description, number, amount, availableBalance) VALUES ('2025-03-07 22:01:28.412700', 'Pizza Delivery', '94647436713695944064', -1560.15, +3467.14);
INSERT INTO web_transaction ("date", description, number, amount, availableBalance) VALUES ('2025-08-17 22:01:28.412700', 'Online Shopping', '94647436713695944064', -947.32, +2519.82);
INSERT INTO web_transaction ("date", description, number, amount, availableBalance) VALUES ('2025-09-25 22:01:28.412700', 'Movie Theater', '94647436713695944064', -130.33, +2389.49);
INSERT INTO web_transaction ("date", description, number, amount, availableBalance) VALUES ('2025-10-04 22:01:28.412700', 'Pet Store', '94647436713695944064', -1569.77, +819.72);
INSERT INTO web_transaction ("date", description, number, amount, availableBalance) VALUES ('2024-10-15 22:01:28.412777', 'Salary', '97439533942104709521', +4660.82, +80817.01);
INSERT INTO web_transaction ("date", description, number, amount, availableBalance) VALUES ('2024-11-04 22:01:28.412777', 'Retirement', '97439533942104709521', +14640.39, +95457.4);
INSERT INTO web_transaction ("date", description, number, amount, availableBalance) VALUES ('2024-12-17 22:01:28.412777', 'Coffee Shop', '97439533942104709521', -1907.32, +93550.08);
INSERT INTO web_transaction ("date", description, number, amount, availableBalance) VALUES ('2025-01-22 22:01:28.412777', 'Gas Station', '97439533942104709521', -1289.88, +92260.2);
INSERT INTO web_transaction ("date", description, number, amount, availableBalance) VALUES ('2025-07-24 22:01:28.412777', 'Restaurant Madrid', '97439533942104709521', -119.51, +92140.69);
INSERT INTO web_transaction ("date", description, number, amount, availableBalance) VALUES ('2025-09-11 22:01:28.412777', 'Computer Store', '97439533942104709521', -1177.01, +90963.68);
INSERT INTO web_transaction ("date", description, number, amount, availableBalance) VALUES ('2025-01-07 22:01:28.412802', 'Freelance Income', '23285884247451712368', +1117.45, +22195.94);
INSERT INTO web_transaction ("date", description, number, amount, availableBalance) VALUES ('2025-01-08 22:01:28.412802', 'Pet Store', '23285884247451712368', -97.64, +22098.3);
INSERT INTO web_transaction ("date", description, number, amount, availableBalance) VALUES ('2025-01-17 22:01:28.412802', 'Grocery Store', '23285884247451712368', -1545.15, +20553.15);
INSERT INTO web_transaction ("date", description, number, amount, availableBalance) VALUES ('2025-02-03 22:01:28.412802', 'Computer Store', '23285884247451712368', -551.24, +20001.91);
INSERT INTO web_transaction ("date", description, number, amount, availableBalance) VALUES ('2025-02-23 22:01:28.412802', 'Retirement', '23285884247451712368', +4571.63, +24573.54);
INSERT INTO web_transaction ("date", description, number, amount, availableBalance) VALUES ('2025-03-04 22:01:28.412802', 'Grocery Store', '23285884247451712368', -1147.36, +23426.18);
INSERT INTO web_transaction ("date", description, number, amount, availableBalance) VALUES ('2025-03-19 22:01:28.412802', 'Mobile Phone Store', '23285884247451712368', -734.31, +22691.87);
INSERT INTO web_transaction ("date", description, number, amount, availableBalance) VALUES ('2025-04-26 22:01:28.412802', 'Movie Theater', '23285884247451712368', -114.82, +22577.05);
INSERT INTO web_transaction ("date", description, number, amount, availableBalance) VALUES ('2025-04-28 22:01:28.412802', 'Gas Station', '23285884247451712368', -1448.33, +21128.72);
INSERT INTO web_transaction ("date", description, number, amount, availableBalance) VALUES ('2025-05-14 22:01:28.412802', 'Refund', '23285884247451712368', +2853.52, +23982.24);
INSERT INTO web_transaction ("date", description, number, amount, availableBalance) VALUES ('2025-05-19 22:01:28.412802', 'Retirement', '23285884247451712368', +11496.87, +35479.11);
INSERT INTO web_transaction ("date", description, number, amount, availableBalance) VALUES ('2025-06-14 22:01:28.412802', 'WebHosting', '23285884247451712368', -504.04, +34975.07);
INSERT INTO web_transaction ("date", description, number, amount, availableBalance) VALUES ('2025-09-13 22:01:28.412802', 'Restaurant Madrid', '23285884247451712368', -1258.79, +33716.28);
INSERT INTO web_transaction ("date", description, number, amount, availableBalance) VALUES ('2025-10-19 22:01:28.412802', 'WebHosting', '23285884247451712368', -120.32, +33595.96);
INSERT INTO web_transaction ("date", description, number, amount, availableBalance) VALUES ('2025-12-03 22:01:28.412802', 'Salary', '23285884247451712368', +2987.89, +36583.85);
INSERT INTO web_transaction ("date", description, number, amount, availableBalance) VALUES ('2025-05-14 22:01:28.412866', 'Pet Store', '04817549651370985931', -1902.47, +74669.71);
INSERT INTO web_transaction ("date", description, number, amount, availableBalance) VALUES ('2025-06-05 22:01:28.412866', 'Pharmacy', '04817549651370985931', -628.29, +74041.42);
INSERT INTO web_transaction ("date", description, number, amount, availableBalance) VALUES ('2025-06-19 22:01:28.412866', 'Pet Store', '04817549651370985931', -1945.39, +72096.03);
INSERT INTO web_transaction ("date", description, number, amount, availableBalance) VALUES ('2025-07-12 22:01:28.412866', 'Grocery Store', '04817549651370985931', -97.36, +71998.67);
INSERT INTO web_transaction ("date", description, number, amount, availableBalance) VALUES ('2025-07-13 22:01:28.412866', 'Wood Supply', '04817549651370985931', -1064.33, +70934.34);
INSERT INTO web_transaction ("date", description, number, amount, availableBalance) VALUES ('2025-07-15 22:01:28.412866', 'Pizza Delivery', '04817549651370985931', -1481.76, +69452.58);
INSERT INTO web_transaction ("date", description, number, amount, availableBalance) VALUES ('2025-07-27 22:01:28.412866', 'Pet Store', '04817549651370985931', -744.15, +68708.43);
INSERT INTO web_transaction ("date", description, number, amount, availableBalance) VALUES ('2025-08-26 22:01:28.412866', 'Sports Store', '04817549651370985931', -22.69, +68685.74);
INSERT INTO web_transaction ("date", description, number, amount, availableBalance) VALUES ('2025-11-16 22:01:28.412866', 'Computer Store', '04817549651370985931', -1699.52, +66986.22);
INSERT INTO web_transaction ("date", description, number, amount, availableBalance) VALUES ('2025-11-24 22:01:28.412866', 'Coffee Shop', '04817549651370985931', -1801.88, +65184.34);
INSERT INTO web_transaction ("date", description, number, amount, availableBalance) VALUES ('2025-11-27 22:01:28.412866', 'Restaurant Madrid', '04817549651370985931', -1944.0, +63240.34);
INSERT INTO web_transaction ("date", description, number, amount, availableBalance) VALUES ('2025-12-14 22:01:28.412866', 'Bonus', '04817549651370985931', +2058.91, +65299.25);
INSERT INTO web_transaction ("date", description, number, amount, availableBalance) VALUES ('2025-12-21 22:01:28.412866', 'Grocery Store', '04817549651370985931', -1755.21, +63544.04);
INSERT INTO web_transaction ("date", description, number, amount, availableBalance) VALUES ('2022-04-02 22:01:28.412935', 'Mobile Phone Store', '46120047113826758692', -551.19, +89843.33);
INSERT INTO web_transaction ("date", description, number, amount, availableBalance) VALUES ('2022-04-23 22:01:28.412935', 'WebHosting', '46120047113826758692', -922.33, +88921.0);
INSERT INTO web_transaction ("date", description, number, amount, availableBalance) VALUES ('2022-07-04 22:01:28.412935', 'Mobile Phone Store', '46120047113826758692', -537.37, +88383.63);
INSERT INTO web_transaction ("date", description, number, amount, availableBalance) VALUES ('2022-12-31 22:01:28.412935', 'Grocery Store', '46120047113826758692', -1076.49, +87307.14);
INSERT INTO web_transaction ("date", description, number, amount, availableBalance) VALUES ('2023-08-08 22:01:28.412935', 'Wood Supply', '46120047113826758692', -590.44, +86716.7);
INSERT INTO web_transaction ("date", description, number, amount, availableBalance) VALUES ('2023-09-03 22:01:28.412935', 'Pet Store', '46120047113826758692', -437.89, +86278.81);
INSERT INTO web_transaction ("date", description, number, amount, availableBalance) VALUES ('2023-10-30 22:01:28.412935', 'Freelance Income', '46120047113826758692', +1616.98, +87895.79);
INSERT INTO web_transaction ("date", description, number, amount, availableBalance) VALUES ('2024-01-17 22:01:28.412935', 'Restaurant New York', '46120047113826758692', -275.69, +87620.1);
INSERT INTO web_transaction ("date", description, number, amount, availableBalance) VALUES ('2024-06-12 22:01:28.412935', 'Salary', '46120047113826758692', +1239.69, +88859.79);
INSERT INTO web_transaction ("date", description, number, amount, availableBalance) VALUES ('2025-02-10 22:01:28.412935', 'Sports Store', '46120047113826758692', -1562.07, +87297.72);
INSERT INTO web_transaction ("date", description, number, amount, availableBalance) VALUES ('2025-07-19 22:01:28.412935', 'Bonus', '46120047113826758692', +780.27, +88077.99);
INSERT INTO web_transaction ("date", description, number, amount, availableBalance) VALUES ('2025-10-14 22:01:28.412935', 'Freelance Income', '46120047113826758692', +1868.97, +89946.96);
INSERT INTO web_transaction ("date", description, number, amount, availableBalance) VALUES ('2025-12-16 22:01:28.412935', 'Computer Store', '46120047113826758692', -1404.44, +88542.52);
INSERT INTO web_transaction ("date", description, number, amount, availableBalance) VALUES ('2024-02-21 22:01:28.412987', 'Coffee Shop', '17964053773515850643', -796.05, +93311.6);
INSERT INTO web_transaction ("date", description, number, amount, availableBalance) VALUES ('2024-03-25 22:01:28.412987', 'Sports Store', '17964053773515850643', -251.69, +93059.91);
INSERT INTO web_transaction ("date", description, number, amount, availableBalance) VALUES ('2024-04-07 22:01:28.412987', 'Pizza Delivery', '17964053773515850643', -1835.68, +91224.23);
INSERT INTO web_transaction ("date", description, number, amount, availableBalance) VALUES ('2024-04-17 22:01:28.412987', 'Gas Station', '17964053773515850643', -1875.77, +89348.46);
INSERT INTO web_transaction ("date", description, number, amount, availableBalance) VALUES ('2024-05-05 22:01:28.412987', 'Wood Supply', '17964053773515850643', -198.5, +89149.96);
INSERT INTO web_transaction ("date", description, number, amount, availableBalance) VALUES ('2024-07-18 22:01:28.412987', 'Refund', '17964053773515850643', +1670.75, +90820.71);
INSERT INTO web_transaction ("date", description, number, amount, availableBalance) VALUES ('2024-12-26 22:01:28.412987', 'Sports Store', '17964053773515850643', -193.04, +90627.67);
INSERT INTO web_transaction ("date", description, number, amount, availableBalance) VALUES ('2025-03-07 22:01:28.412987', 'Wood Supply', '17964053773515850643', -270.12, +90357.55);
INSERT INTO web_transaction ("date", description, number, amount, availableBalance) VALUES ('2025-08-13 22:01:28.412987', 'Interest Payment', '17964053773515850643', +4345.71, +94703.26);
INSERT INTO web_transaction ("date", description, number, amount, availableBalance) VALUES ('2025-08-31 22:01:28.412987', 'Interest Payment', '17964053773515850643', +727.87, +95431.13);
INSERT INTO web_transaction ("date", description, number, amount, availableBalance) VALUES ('2025-11-13 22:01:28.412987', 'Salary', '17964053773515850643', +1389.88, +96821.01);
