INSERT INTO web_account (username, name, surname, password) VALUES ('brian', 'Brian', 'Miller', 'test');
INSERT INTO web_account (username, name, surname, password) VALUES ('richard', 'Richard', 'Rodriguez', 'test');
INSERT INTO web_account (username, name, surname, password) VALUES ('rachel', 'Rachel', 'Johnson', 'test');
INSERT INTO web_account (username, name, surname, password) VALUES ('amanda', 'Amanda', 'Cook', 'test');
INSERT INTO web_account (username, name, surname, password) VALUES ('melissa', 'Melissa', 'Moore', 'test');

INSERT INTO web_cashaccount (id, number, username, availableBalance, description) VALUES (1, '41641068855022585320', 'brian', 90591.5, 'Checking Account');
INSERT INTO web_cashaccount (id, number, username, availableBalance, description) VALUES (2, '10571012204697470458', 'richard', 80151.64, 'Checking Account');
INSERT INTO web_cashaccount (id, number, username, availableBalance, description) VALUES (3, '98950686897865802174', 'richard', 17020.99, 'Savings account');
INSERT INTO web_cashaccount (id, number, username, availableBalance, description) VALUES (4, '86176950391505368804', 'richard', 99179.39, 'Individual Retirement Accounts (IRAs)');
INSERT INTO web_cashaccount (id, number, username, availableBalance, description) VALUES (5, '38722876700273045466', 'richard', 45.53, 'Individual Retirement Accounts (IRAs)');
INSERT INTO web_cashaccount (id, number, username, availableBalance, description) VALUES (6, '85116086186054708565', 'rachel', 2388.99, 'Individual Retirement Accounts (IRAs)');
INSERT INTO web_cashaccount (id, number, username, availableBalance, description) VALUES (7, '61253108684246528581', 'amanda', 62965.47, 'Individual Retirement Accounts (IRAs)');
INSERT INTO web_cashaccount (id, number, username, availableBalance, description) VALUES (8, '66027057746028588825', 'amanda', 50017.25, 'Individual Retirement Accounts (IRAs)');
INSERT INTO web_cashaccount (id, number, username, availableBalance, description) VALUES (9, '39514833546081383034', 'melissa', 56466.8, 'Checking Account');
INSERT INTO web_cashaccount (id, number, username, availableBalance, description) VALUES (10, '95158828277604975638', 'melissa', 92496.65, 'Individual Retirement Accounts (IRAs)');
INSERT INTO web_cashaccount (id, number, username, availableBalance, description) VALUES (11, '09975910575655375326', 'melissa', 97723.27, 'Checking Account');

INSERT INTO web_creditaccount (id, number, username, description, availableBalance, cashAccountId) VALUES (1, '5024 5349 3865 7167', 'melissa', 'MasterCard', 97723.27, 11);
INSERT INTO web_creditaccount (id, number, username, description, availableBalance, cashAccountId) VALUES (2, '4141 5848 3004 5348', 'richard', 'MasterCard', 80151.64, 2);

INSERT INTO web_transaction ("date", description, number, amount, availableBalance) VALUES ('2024-06-26 21:47:41.947892', 'Pet Store', '41641068855022585320', -372.59, +91450.66);
INSERT INTO web_transaction ("date", description, number, amount, availableBalance) VALUES ('2025-03-14 21:47:41.947892', 'Coffee Shop', '41641068855022585320', -916.42, +90534.24);
INSERT INTO web_transaction ("date", description, number, amount, availableBalance) VALUES ('2025-05-24 21:47:41.947892', 'Mobile Phone Store', '41641068855022585320', -1129.91, +89404.33);
INSERT INTO web_transaction ("date", description, number, amount, availableBalance) VALUES ('2025-09-05 21:47:41.947892', 'Coffee Shop', '41641068855022585320', -656.14, +88748.19);
INSERT INTO web_transaction ("date", description, number, amount, availableBalance) VALUES ('2025-09-25 21:47:41.947892', 'Interest Payment', '41641068855022585320', +1843.31, +90591.5);
INSERT INTO web_transaction ("date", description, number, amount, availableBalance) VALUES ('2024-02-22 21:47:41.947940', 'Pizza Delivery', '10571012204697470458', -1414.44, +84114.46);
INSERT INTO web_transaction ("date", description, number, amount, availableBalance) VALUES ('2024-03-11 21:47:41.947940', 'Wood Supply', '10571012204697470458', -1199.4, +82915.06);
INSERT INTO web_transaction ("date", description, number, amount, availableBalance) VALUES ('2024-04-12 21:47:41.947940', 'Computer Store', '10571012204697470458', -462.88, +82452.18);
INSERT INTO web_transaction ("date", description, number, amount, availableBalance) VALUES ('2024-08-24 21:47:41.947940', 'Freelance Income', '10571012204697470458', +4671.02, +87123.2);
INSERT INTO web_transaction ("date", description, number, amount, availableBalance) VALUES ('2024-09-24 21:47:41.947940', 'Pharmacy', '10571012204697470458', -1753.76, +85369.44);
INSERT INTO web_transaction ("date", description, number, amount, availableBalance) VALUES ('2025-02-20 21:47:41.947940', 'Sports Store', '10571012204697470458', -658.42, +84711.02);
INSERT INTO web_transaction ("date", description, number, amount, availableBalance) VALUES ('2025-04-09 21:47:41.947940', 'Pizza Delivery', '10571012204697470458', -344.36, +84366.66);
INSERT INTO web_transaction ("date", description, number, amount, availableBalance) VALUES ('2025-06-03 21:47:41.947940', 'Mobile Phone Store', '10571012204697470458', -1074.86, +83291.8);
INSERT INTO web_transaction ("date", description, number, amount, availableBalance) VALUES ('2025-06-30 21:47:41.947940', 'Pet Store', '10571012204697470458', -1218.05, +82073.75);
INSERT INTO web_transaction ("date", description, number, amount, availableBalance) VALUES ('2025-07-29 21:47:41.947940', 'Wood Supply', '10571012204697470458', -102.78, +81970.97);
INSERT INTO web_transaction ("date", description, number, amount, availableBalance) VALUES ('2025-10-15 21:47:41.947940', 'Movie Theater', '10571012204697470458', -1819.33, +80151.64);
INSERT INTO web_transaction ("date", description, number, amount, availableBalance) VALUES ('2024-02-02 21:47:41.947982', 'Wood Supply', '98950686897865802174', -156.15, -14359.36);
INSERT INTO web_transaction ("date", description, number, amount, availableBalance) VALUES ('2024-02-06 21:47:41.947982', 'Freelance Income', '98950686897865802174', +1948.64, -12410.72);
INSERT INTO web_transaction ("date", description, number, amount, availableBalance) VALUES ('2024-02-14 21:47:41.947982', 'Retirement', '98950686897865802174', +14677.22, +2266.5);
INSERT INTO web_transaction ("date", description, number, amount, availableBalance) VALUES ('2024-03-16 21:47:41.947982', 'Wood Supply', '98950686897865802174', -1046.21, +1220.29);
INSERT INTO web_transaction ("date", description, number, amount, availableBalance) VALUES ('2024-05-23 21:47:41.947982', 'WebHosting', '98950686897865802174', -316.16, +904.13);
INSERT INTO web_transaction ("date", description, number, amount, availableBalance) VALUES ('2025-03-28 21:47:41.947982', 'Retirement', '98950686897865802174', +11230.77, +12134.9);
INSERT INTO web_transaction ("date", description, number, amount, availableBalance) VALUES ('2025-04-10 21:47:41.947982', 'Computer Store', '98950686897865802174', -818.76, +11316.14);
INSERT INTO web_transaction ("date", description, number, amount, availableBalance) VALUES ('2025-07-30 21:47:41.947982', 'Interest Payment', '98950686897865802174', +3257.88, +14574.02);
INSERT INTO web_transaction ("date", description, number, amount, availableBalance) VALUES ('2025-11-06 21:47:41.947982', 'Bonus', '98950686897865802174', +2446.97, +17020.99);
INSERT INTO web_transaction ("date", description, number, amount, availableBalance) VALUES ('2022-09-25 21:47:41.948015', 'Wood Supply', '86176950391505368804', -787.27, +96608.41);
INSERT INTO web_transaction ("date", description, number, amount, availableBalance) VALUES ('2023-01-25 21:47:41.948015', 'Pizza Delivery', '86176950391505368804', -287.05, +96321.36);
INSERT INTO web_transaction ("date", description, number, amount, availableBalance) VALUES ('2023-04-30 21:47:41.948015', 'Pet Store', '86176950391505368804', -1499.84, +94821.52);
INSERT INTO web_transaction ("date", description, number, amount, availableBalance) VALUES ('2024-04-16 21:47:41.948015', 'Pizza Delivery', '86176950391505368804', -1345.19, +93476.33);
INSERT INTO web_transaction ("date", description, number, amount, availableBalance) VALUES ('2024-04-16 21:47:41.948015', 'Salary', '86176950391505368804', +3167.7, +96644.03);
INSERT INTO web_transaction ("date", description, number, amount, availableBalance) VALUES ('2024-06-12 21:47:41.948015', 'Interest Payment', '86176950391505368804', +4669.12, +101313.15);
INSERT INTO web_transaction ("date", description, number, amount, availableBalance) VALUES ('2024-06-12 21:47:41.948015', 'Pet Store', '86176950391505368804', -895.61, +100417.54);
INSERT INTO web_transaction ("date", description, number, amount, availableBalance) VALUES ('2024-11-27 21:47:41.948015', 'Computer Store', '86176950391505368804', -451.88, +99965.66);
INSERT INTO web_transaction ("date", description, number, amount, availableBalance) VALUES ('2025-04-03 21:47:41.948015', 'Wood Supply', '86176950391505368804', -786.27, +99179.39);
INSERT INTO web_transaction ("date", description, number, amount, availableBalance) VALUES ('2021-02-22 21:47:41.948046', 'Sports Store', '38722876700273045466', -1704.2, -3612.7);
INSERT INTO web_transaction ("date", description, number, amount, availableBalance) VALUES ('2021-05-07 21:47:41.948046', 'Grocery Store', '38722876700273045466', -277.32, -3890.02);
INSERT INTO web_transaction ("date", description, number, amount, availableBalance) VALUES ('2021-09-01 21:47:41.948046', 'Salary', '38722876700273045466', +1989.61, -1900.41);
INSERT INTO web_transaction ("date", description, number, amount, availableBalance) VALUES ('2021-10-04 21:47:41.948046', 'Pet Store', '38722876700273045466', -122.18, -2022.59);
INSERT INTO web_transaction ("date", description, number, amount, availableBalance) VALUES ('2021-10-28 21:47:41.948046', 'Computer Store', '38722876700273045466', -367.8, -2390.39);
INSERT INTO web_transaction ("date", description, number, amount, availableBalance) VALUES ('2022-03-30 21:47:41.948046', 'Interest Payment', '38722876700273045466', +2435.92, +45.53);
INSERT INTO web_transaction ("date", description, number, amount, availableBalance) VALUES ('2021-10-05 21:47:41.948068', 'Sports Store', '85116086186054708565', -1119.1, +332.94);
INSERT INTO web_transaction ("date", description, number, amount, availableBalance) VALUES ('2022-02-05 21:47:41.948068', 'Online Shopping', '85116086186054708565', -465.52, -132.58);
INSERT INTO web_transaction ("date", description, number, amount, availableBalance) VALUES ('2022-07-23 21:47:41.948068', 'Computer Store', '85116086186054708565', -689.5, -822.08);
INSERT INTO web_transaction ("date", description, number, amount, availableBalance) VALUES ('2023-02-05 21:47:41.948068', 'Pharmacy', '85116086186054708565', -420.63, -1242.71);
INSERT INTO web_transaction ("date", description, number, amount, availableBalance) VALUES ('2023-02-27 21:47:41.948068', 'Salary', '85116086186054708565', +996.48, -246.23);
INSERT INTO web_transaction ("date", description, number, amount, availableBalance) VALUES ('2024-02-12 21:47:41.948068', 'Pharmacy', '85116086186054708565', -1090.84, -1337.07);
INSERT INTO web_transaction ("date", description, number, amount, availableBalance) VALUES ('2025-02-19 21:47:41.948068', 'Interest Payment', '85116086186054708565', +4445.65, +3108.58);
INSERT INTO web_transaction ("date", description, number, amount, availableBalance) VALUES ('2025-04-08 21:47:41.948068', 'Restaurant New York', '85116086186054708565', -741.81, +2366.77);
INSERT INTO web_transaction ("date", description, number, amount, availableBalance) VALUES ('2025-05-08 21:47:41.948068', 'Restaurant Madrid', '85116086186054708565', -1790.37, +576.4);
INSERT INTO web_transaction ("date", description, number, amount, availableBalance) VALUES ('2025-07-05 21:47:41.948068', 'Salary', '85116086186054708565', +1812.59, +2388.99);
INSERT INTO web_transaction ("date", description, number, amount, availableBalance) VALUES ('2022-03-08 21:47:41.948102', 'Salary', '61253108684246528581', +1671.64, +66371.76);
INSERT INTO web_transaction ("date", description, number, amount, availableBalance) VALUES ('2022-06-16 21:47:41.948102', 'Pet Store', '61253108684246528581', -1296.74, +65075.02);
INSERT INTO web_transaction ("date", description, number, amount, availableBalance) VALUES ('2022-11-30 21:47:41.948102', 'Movie Theater', '61253108684246528581', -1254.51, +63820.51);
INSERT INTO web_transaction ("date", description, number, amount, availableBalance) VALUES ('2023-01-31 21:47:41.948102', 'Freelance Income', '61253108684246528581', +3552.71, +67373.22);
INSERT INTO web_transaction ("date", description, number, amount, availableBalance) VALUES ('2023-12-22 21:47:41.948102', 'Pharmacy', '61253108684246528581', -16.54, +67356.68);
INSERT INTO web_transaction ("date", description, number, amount, availableBalance) VALUES ('2024-07-02 21:47:41.948102', 'Sports Store', '61253108684246528581', -1223.92, +66132.76);
INSERT INTO web_transaction ("date", description, number, amount, availableBalance) VALUES ('2024-09-14 21:47:41.948102', 'WebHosting', '61253108684246528581', -860.47, +65272.29);
INSERT INTO web_transaction ("date", description, number, amount, availableBalance) VALUES ('2025-01-01 21:47:41.948102', 'Coffee Shop', '61253108684246528581', -1196.7, +64075.59);
INSERT INTO web_transaction ("date", description, number, amount, availableBalance) VALUES ('2025-01-23 21:47:41.948102', 'Movie Theater', '61253108684246528581', -1110.12, +62965.47);
INSERT INTO web_transaction ("date", description, number, amount, availableBalance) VALUES ('2022-05-18 21:47:41.948132', 'Salary', '66027057746028588825', +4517.43, +32574.89);
INSERT INTO web_transaction ("date", description, number, amount, availableBalance) VALUES ('2022-09-11 21:47:41.948132', 'Movie Theater', '66027057746028588825', -517.15, +32057.74);
INSERT INTO web_transaction ("date", description, number, amount, availableBalance) VALUES ('2023-04-14 21:47:41.948132', 'Gas Station', '66027057746028588825', -623.74, +31434.0);
INSERT INTO web_transaction ("date", description, number, amount, availableBalance) VALUES ('2024-06-09 21:47:41.948132', 'Salary', '66027057746028588825', +3286.93, +34720.93);
INSERT INTO web_transaction ("date", description, number, amount, availableBalance) VALUES ('2024-11-16 21:47:41.948132', 'Grocery Store', '66027057746028588825', -1245.95, +33474.98);
INSERT INTO web_transaction ("date", description, number, amount, availableBalance) VALUES ('2024-12-18 21:47:41.948132', 'Pharmacy', '66027057746028588825', -247.56, +33227.42);
INSERT INTO web_transaction ("date", description, number, amount, availableBalance) VALUES ('2025-05-10 21:47:41.948132', 'Retirement', '66027057746028588825', +14998.79, +48226.21);
INSERT INTO web_transaction ("date", description, number, amount, availableBalance) VALUES ('2025-07-17 21:47:41.948132', 'Refund', '66027057746028588825', +1791.04, +50017.25);
INSERT INTO web_transaction ("date", description, number, amount, availableBalance) VALUES ('2024-07-02 21:47:41.948158', 'Computer Store', '39514833546081383034', -427.22, +59372.91);
INSERT INTO web_transaction ("date", description, number, amount, availableBalance) VALUES ('2024-08-21 21:47:41.948158', 'Computer Store', '39514833546081383034', -539.57, +58833.34);
INSERT INTO web_transaction ("date", description, number, amount, availableBalance) VALUES ('2024-09-21 21:47:41.948158', 'Sports Store', '39514833546081383034', -1607.85, +57225.49);
INSERT INTO web_transaction ("date", description, number, amount, availableBalance) VALUES ('2024-10-30 21:47:41.948158', 'Grocery Store', '39514833546081383034', -1748.68, +55476.81);
INSERT INTO web_transaction ("date", description, number, amount, availableBalance) VALUES ('2024-11-10 21:47:41.948158', 'Sports Store', '39514833546081383034', -1642.36, +53834.45);
INSERT INTO web_transaction ("date", description, number, amount, availableBalance) VALUES ('2024-12-02 21:47:41.948158', 'Salary', '39514833546081383034', +4397.46, +58231.91);
INSERT INTO web_transaction ("date", description, number, amount, availableBalance) VALUES ('2025-04-15 21:47:41.948158', 'Gas Station', '39514833546081383034', -299.08, +57932.83);
INSERT INTO web_transaction ("date", description, number, amount, availableBalance) VALUES ('2025-05-11 21:47:41.948158', 'Restaurant New York', '39514833546081383034', -1431.48, +56501.35);
INSERT INTO web_transaction ("date", description, number, amount, availableBalance) VALUES ('2025-06-09 21:47:41.948158', 'Restaurant New York', '39514833546081383034', -1570.73, +54930.62);
INSERT INTO web_transaction ("date", description, number, amount, availableBalance) VALUES ('2025-08-01 21:47:41.948158', 'Refund', '39514833546081383034', +2395.86, +57326.48);
INSERT INTO web_transaction ("date", description, number, amount, availableBalance) VALUES ('2025-11-19 21:47:41.948158', 'Wood Supply', '39514833546081383034', -859.68, +56466.8);
INSERT INTO web_transaction ("date", description, number, amount, availableBalance) VALUES ('2021-04-18 21:47:41.948193', 'Movie Theater', '95158828277604975638', -629.8, +79340.21);
INSERT INTO web_transaction ("date", description, number, amount, availableBalance) VALUES ('2021-05-12 21:47:41.948193', 'Retirement', '95158828277604975638', +2255.67, +81595.88);
INSERT INTO web_transaction ("date", description, number, amount, availableBalance) VALUES ('2021-06-22 21:47:41.948193', 'Retirement', '95158828277604975638', +13565.19, +95161.07);
INSERT INTO web_transaction ("date", description, number, amount, availableBalance) VALUES ('2023-03-03 21:47:41.948193', 'Computer Store', '95158828277604975638', -1425.17, +93735.9);
INSERT INTO web_transaction ("date", description, number, amount, availableBalance) VALUES ('2023-06-07 21:47:41.948193', 'Coffee Shop', '95158828277604975638', -111.01, +93624.89);
INSERT INTO web_transaction ("date", description, number, amount, availableBalance) VALUES ('2024-09-24 21:47:41.948193', 'Pet Store', '95158828277604975638', -320.81, +93304.08);
INSERT INTO web_transaction ("date", description, number, amount, availableBalance) VALUES ('2025-02-24 21:47:41.948193', 'Wood Supply', '95158828277604975638', -807.43, +92496.65);
INSERT INTO web_transaction ("date", description, number, amount, availableBalance) VALUES ('2024-08-30 21:47:41.948218', 'Gas Station', '09975910575655375326', -1363.83, +91954.49);
INSERT INTO web_transaction ("date", description, number, amount, availableBalance) VALUES ('2024-09-13 21:47:41.948218', 'Restaurant Madrid', '09975910575655375326', -1887.64, +90066.85);
INSERT INTO web_transaction ("date", description, number, amount, availableBalance) VALUES ('2024-10-19 21:47:41.948218', 'Retirement', '09975910575655375326', +10191.2, +100258.05);
INSERT INTO web_transaction ("date", description, number, amount, availableBalance) VALUES ('2024-10-27 21:47:41.948218', 'Salary', '09975910575655375326', +4506.26, +104764.31);
INSERT INTO web_transaction ("date", description, number, amount, availableBalance) VALUES ('2025-05-14 21:47:41.948218', 'Restaurant Madrid', '09975910575655375326', -1307.99, +103456.32);
INSERT INTO web_transaction ("date", description, number, amount, availableBalance) VALUES ('2025-06-10 21:47:41.948218', 'Gas Station', '09975910575655375326', -1171.62, +102284.7);
INSERT INTO web_transaction ("date", description, number, amount, availableBalance) VALUES ('2025-07-21 21:47:41.948218', 'Sports Store', '09975910575655375326', -1289.41, +100995.29);
INSERT INTO web_transaction ("date", description, number, amount, availableBalance) VALUES ('2025-07-27 21:47:41.948218', 'Coffee Shop', '09975910575655375326', -533.76, +100461.53);
INSERT INTO web_transaction ("date", description, number, amount, availableBalance) VALUES ('2025-09-21 21:47:41.948218', 'WebHosting', '09975910575655375326', -599.56, +99861.97);
INSERT INTO web_transaction ("date", description, number, amount, availableBalance) VALUES ('2025-12-05 21:47:41.948218', 'Coffee Shop', '09975910575655375326', -575.59, +99286.38);
INSERT INTO web_transaction ("date", description, number, amount, availableBalance) VALUES ('2025-12-16 21:47:41.948218', 'Restaurant New York', '09975910575655375326', -1062.99, +98223.39);
INSERT INTO web_transaction ("date", description, number, amount, availableBalance) VALUES ('2025-12-18 21:47:41.948218', 'Gas Station', '09975910575655375326', -500.12, +97723.27);
